invoice_id,schema_paid,allocation_total,variance,status,gesamtbetrag
6a0bd9a5-03ad-4705-819d-c6a795a676c1,0.00,0,0.00,bezahlt,0.00
21577126-7e49-4d10-98e4-558912b61d6b,0.00,0,0.00,bezahlt,0.00
1b4af1c0-8951-4cca-aa37-8ea077e432f6,0.00,0,0.00,bezahlt,0.00
77a7c78b-0c1b-4b37-94ef-4526652a7abd,0.00,0,0.00,bezahlt,0.00
40328069-9633-4b4e-aa72-1939314e849b,0.00,0,0.00,bezahlt,0.00
9b6a1d91-6876-4a29-a01e-001cffee8fa0,0.00,0,0.00,bezahlt,0.00
ccd3da70-0f2f-4ab9-af5c-477cdcf72ed0,0.00,0,0.00,bezahlt,0.00
da845bab-e9b3-48af-a113-308e8984b7cf,0.00,0,0.00,bezahlt,0.00
2f3985e7-88e0-4689-8b8b-393f662c603b,943.00,943.00,0.00,bezahlt,943.00
587c0fad-8553-40f0-a545-3dd6bbcde998,943.00,943.00,0.00,bezahlt,943.00
79ec5b7f-4f7a-42e9-a906-c0057bc2113d,943.00,943.00,0.00,bezahlt,943.00
ae5c6fa8-0211-4ada-a45b-3354bdb27413,943.00,943.00,0.00,bezahlt,943.00
3746f3ec-f0fd-42de-867a-36cde0b365bf,584.09,584.09,0.00,bezahlt,584.09
4ee262d3-40bb-417f-8745-6da118bad356,751.26,751.26,0.00,bezahlt,751.26
666ed6d7-2ab2-4065-9f77-0dba4481dc89,820.01,820.01,0.00,bezahlt,820.01
a938a851-bee5-4c0a-9a33-5af574755f3b,558.07,558.07,0.00,bezahlt,558.07
64477362-06d2-4326-8c37-a93abdf1886b,459.98,459.98,0.00,bezahlt,459.98
367170d4-57ab-4664-bcb2-fb9d4b3ed764,670.19,670.19,0.00,bezahlt,670.19
2fb53179-a9a4-4b89-b69e-1e17c74d9a8c,943.00,943.00,0.00,bezahlt,943.00
3e757d51-006c-40e2-afcd-a7420e67e1be,0.00,0,0.00,offen,200.00
368e6864-a739-4481-93e5-9d75abf2c9ac,0.00,0,0.00,offen,498.43
1eb9f0a1-2f33-4979-892c-5c26d4d028fa,656.64,656.64,0.00,bezahlt,656.64
777dd1ea-d18a-448f-9d8b-601e64e8c246,584.09,584.09,0.00,bezahlt,584.09
1d8cd59c-bca5-493e-9127-2045e24798d9,686.90,686.90,0.00,bezahlt,686.90
ee956de3-0f07-4fc4-8fd8-b8cf7dc04d76,656.64,656.64,0.00,bezahlt,656.64
c42a3b65-cd1e-4d39-b753-94a065ee8537,617.76,617.76,0.00,bezahlt,617.76
d11e2288-53dc-4261-87c9-170a51fb324f,192.20,192.20,0.00,bezahlt,192.20
08644e42-9113-493f-a9c4-23945c1c52a5,721.39,721.39,0.00,bezahlt,721.39
a4d7df54-6da6-4964-b0df-ad2d66e454f5,617.76,617.76,0.00,bezahlt,617.76
58d5c82b-64f6-49dd-83d9-bbc441538270,104.78,104.78,0.00,bezahlt,104.78
892852d9-aa91-4133-8a0c-1bc314a69cf0,617.76,617.76,0.00,bezahlt,617.76
49882fab-079d-47ca-86a2-4c895e2b4dc5,100.80,100.80,0.00,bezahlt,100.80
0bf15ad3-c85d-4454-872f-6ec893d2dd22,920.62,920.62,0.00,bezahlt,920.62
88d02613-9832-4750-98f3-f86366e51834,75.75,75.75,0.00,bezahlt,75.75
a3058baf-a252-4344-9a49-19028b07e19c,604.78,604.78,0.00,bezahlt,604.78
723f02b8-87ff-4077-b1d3-3f1ff8481d0e,820.01,820.01,0.00,bezahlt,820.01
f659d4af-72b4-4485-b054-a744a3d68a96,498.43,498.43,0.00,bezahlt,498.43
84be766e-3a91-4a33-b2f5-f1835b34d35d,24.54,24.54,0.00,bezahlt,24.54
0265f859-c4da-4893-aa8e-7ba1401ead0d,670.19,670.19,0.00,bezahlt,670.19
e183c529-90c2-4aef-8172-86540dcb5a89,112.42,112.42,0.00,bezahlt,112.42
8e3605d4-ca1c-4f84-9579-a918ba0bad2a,616.27,616.27,0.00,bezahlt,616.27
82063b86-5d1a-4bcc-9b57-709e0ad22561,459.98,459.98,0.00,bezahlt,459.98
aedf536b-f7ec-4f36-95a8-0f923434a350,617.76,617.76,0.00,bezahlt,617.76
4388be69-9c69-4381-9efa-8986d81b742b,2089.37,2089.37,0.00,bezahlt,2089.37
22b43436-7545-496a-af46-913f1709ada0,555.31,555.31,0.00,bezahlt,555.31
b2b0c158-88ab-4876-b395-cb674db92824,92.59,92.59,0.00,bezahlt,92.59
2e8fb9d0-cdb9-43f6-9905-31998c7f4ebe,820.01,820.01,0.00,bezahlt,820.01
1762c557-a674-42c7-888b-665494d7c303,1532.70,1532.70,0.00,bezahlt,1532.70
b0d66379-2696-497a-9821-b69bf8d86481,140.20,140.20,0.00,bezahlt,140.20
0a78c9d6-f904-41d1-b506-2b1a6a225352,681.30,681.30,0.00,bezahlt,681.30
03ac7b2e-792b-4755-ac5c-4444166a0041,562.38,562.38,0.00,bezahlt,562.38
644c97fa-f78f-45ae-9abb-88a2f5cd7d8f,584.09,584.09,0.00,bezahlt,584.09
c8933ca7-0df1-45c2-bcd6-314df6d8f17a,751.26,751.26,0.00,bezahlt,751.26
5a97385a-deb7-4fed-a735-02ca7df5ebd6,616.27,616.27,0.00,bezahlt,616.27
8e1574ac-5753-48cd-8f14-bb9bab1613f2,656.64,656.64,0.00,bezahlt,656.64
66d52265-006b-4ec1-9108-f4c2c01bdafc,604.78,604.78,0.00,bezahlt,604.78
885a5a8e-571d-4fa6-b5df-623772208876,584.09,584.09,0.00,bezahlt,584.09
ddb22527-b44c-4dcc-8f0d-f8be04f2db69,616.27,616.27,0.00,bezahlt,616.27
9961af7d-c998-43c4-9d30-baf9d3de35bc,656.64,656.64,0.00,bezahlt,656.64
d2da5ddf-9513-4d3a-9bc1-f4a261014cda,604.78,604.78,0.00,bezahlt,604.78
8c06d2ff-b10f-4153-ab89-767614a8ab76,0.00,0,0.00,offen,584.09
38c50204-0f58-4824-8574-3c4a8412a8e0,617.76,617.76,0.00,bezahlt,617.76
c17d32da-b77a-4d4b-838c-28659d5cd9f6,920.62,920.62,0.00,bezahlt,920.62
596090d3-4050-4e24-ba99-205d95ffe38c,920.62,920.62,0.00,bezahlt,920.62
6f9d719e-2437-4642-9255-a9ae21816a73,820.64,820.64,0.00,bezahlt,820.64
0db10251-0116-4c9d-82ee-f37e98f525f4,192.20,192.20,0.00,bezahlt,192.20
f49851a1-9505-473e-a8ae-9d37d2cd85b0,1532.70,1532.70,0.00,bezahlt,1532.70
6b69debe-884f-41c3-bada-282e6202e75f,2089.37,2089.37,0.00,bezahlt,2089.37
fc25f6a8-cb65-4d85-9c7b-886b64fc6965,721.39,721.39,0.00,bezahlt,721.39
1854c554-dbd0-43df-b2f7-5a62c6eaa051,80.40,80.40,0.00,bezahlt,80.40
ee7ae611-1615-454d-8753-d884c2bb9d91,0.00,0,0.00,offen,850.00
9113cf8f-c84a-4f7e-b922-8c9402b4f635,0.00,0,0.00,offen,850.00
46de7a24-5aa4-4a94-a55d-19c8e511e9e0,0.00,0,0.00,offen,850.00
8fdea5cf-6969-4423-ad9c-169a57fc7028,0.00,0,0.00,offen,850.00
bc155388-93d9-4007-9080-25e8b82c0618,0.00,0,0.00,offen,850.00
1bd861a4-1ee7-40bf-b6ec-4b971d735609,0.00,0,0.00,offen,281.28
5a3c7101-e52a-412a-8b9c-4f79a8b4bea6,0.00,0,0.00,offen,486.90
923f6069-d4d9-4437-8166-119e6abc971f,0.00,0,0.00,offen,548.76
d00edb7a-1000-4e7c-a468-db7f48b6cf9c,0.00,0,0.00,offen,493.48
92c1d350-4373-4af8-90cd-7fc319521589,0.00,0,0.00,offen,618.55
8a1c689c-d5c2-4c9b-9a51-4534455901aa,0.00,0,0.00,offen,999.97
7e6610bf-3f9c-421d-998c-bbab0141c90e,0.00,0,0.00,offen,555.49
ba1cddd2-023e-46dc-ad77-b514a87ab5cc,0.00,0,0.00,offen,429.29
7b60f0a0-dd20-41ad-9d7b-ad6ea73d52e3,0.00,0,0.00,offen,503.24
e4655284-ad65-4358-94bc-82d8fdb6c4f9,0.00,0,0.00,offen,472.83
5c41e6ff-731d-4710-a818-d9449407c6b1,0.00,0,0.00,offen,507.43
b50ecd46-ef58-4e0f-84b8-479eff9d08f9,0.00,0,0.00,offen,132.91
01b93842-4cf4-4dae-ac65-16dfc3acfa95,0.00,0,0.00,offen,55.37
a6d2950e-6d84-4f66-8c36-9fa3cbd0f958,0.00,0,0.00,offen,111.67
71c98a4a-d83e-48ad-bde1-04f6e9a77d2b,0.00,0,0.00,offen,100.49
c9004c12-6427-4286-bd99-c2a0ae9d255a,0.00,0,0.00,offen,162.73
ec27da57-f314-415d-93fe-8573c04ad6fc,0.00,0,0.00,offen,943.00
63abf048-48e0-42f7-88d3-19b39202683f,0.00,0,0.00,offen,46.85
5bb3dc75-1023-47ac-a552-cd50f1fa5dff,0.00,0,0.00,offen,48.52
d76280ad-7364-40a0-8751-422d9dc7fc46,0.00,0,0.00,offen,943.00
a53cfd97-84b7-440d-ba98-f42c0172fc1b,0.00,0,0.00,offen,46.96
96c2bcc5-8df0-4a02-9e35-36ea356f8dd2,0.00,0,0.00,offen,943.00
bab610fc-926e-44cd-86f1-8ca0fe455988,0.00,0,0.00,offen,125.96
6e2c533e-3d84-4c5d-8b2f-8e9b2b09dce6,0.00,0,0.00,offen,54.61
aa3ee87c-d04f-418c-aed8-43c6e6b2e175,0.00,0,0.00,offen,943.00
9d8d382b-0eef-4f24-9eee-c62850c38ad0,0.00,0,0.00,offen,138.08
15631210-8996-4134-a98e-ee9d69b646ce,0.00,0,0.00,offen,943.00
b94bcf76-ec2b-45b5-8b9e-70104a271e47,0.00,0,0.00,offen,54.41
b2944b31-28c8-4722-837f-1b941243d133,0.00,0,0.00,offen,123.28
ecc74a7c-a1dc-4572-afc1-59eb7e970478,0.00,0,0.00,offen,476.45
4ac3cfff-f83a-458d-b076-e7fbcef3d8db,0.00,0,0.00,offen,577.60
8abc6e84-40d7-42ef-94f3-c76fa6b093ae,0.00,0,0.00,offen,460.31
bb3d2fbe-05a3-4e2f-a8d1-1cc91e082277,0.00,0,0.00,offen,765.82
5eb0d3df-f444-4c9e-8184-f65ba998ce3a,0.00,0,0.00,offen,558.82
42e82477-ccc6-469d-82b2-15ac7651c1fc,0.00,0,0.00,offen,617.47
fbdc86e0-c2c0-4ef4-9d52-cf00f664a8b2,0.00,0,0.00,offen,610.90
33be71c3-05fc-4073-8ec5-88346b74ebd7,0.00,0,0.00,offen,755.09
ded49fb2-c589-4a31-bb0e-e9a3d8acf067,0.00,0,0.00,offen,605.91
ffcea2fb-ee6f-424e-b35c-6393549c93c2,0.00,0,0.00,offen,1640.77
eed6c447-d17b-4a06-847b-395de4e7639c,0.00,0,0.00,offen,2207.74
404ad398-c095-42b3-b397-72830578225e,0.00,0,0.00,offen,820.72
bca3e33d-2dc7-48b1-804e-536be8078399,0.00,0,0.00,offen,850.00
3ab65bbf-7049-4413-86c9-b1457fa5778b,0.00,0,0.00,offen,850.00
96413556-61d2-4dcc-8de5-5df413119f69,0.00,0,0.00,offen,850.00
32527fef-8cc3-4cd1-b3ea-1b94c753684f,0.00,0,0.00,offen,850.00
da32f323-ff36-4e77-8e58-7a4592fbeb60,0.00,0,0.00,offen,850.00
1f543692-09bb-4bf3-b5d6-402ffd6df08c,0.00,0,0.00,offen,116.83
12dca75f-4ff4-487e-bc2a-d2d9da0963a2,0.00,0,0.00,offen,20.55
9af94e95-94c3-42a2-bb2e-dc5667a2257f,0.00,0,0.00,offen,20.55
405e19b5-8e83-450b-bedd-ab212c7731ac,0.00,0,0.00,offen,20.55
5b8cacb7-08c4-49ce-9d49-3f0c1ff5273c,0.00,0,0.00,offen,67.00
7ff2538b-0a1f-49c8-9d71-c8b93eed1c80,0.00,0,0.00,offen,22.98
538f1aa0-a11a-4eb8-a48f-9e8e305df13e,0.00,0,0.00,offen,93.17
af8374fd-8db5-48f1-83dd-94f0bd1fe0af,0.00,0,0.00,offen,89.85
857f423f-39b0-4f0f-a286-45aadeb3002c,0.00,0,0.00,offen,82.31
7964c476-463d-4c87-9f41-59a2d824dcfa,0.00,0,0.00,offen,20.45
70898a9a-6bce-45bb-9108-f0bb4d5d7ed1,0.00,0,0.00,offen,20.62
659dfc56-f93b-4816-8729-37df780ec960,0.00,0,0.00,offen,556.17
3c8c65af-a345-4605-a757-be0fa104ffb6,0.00,0,0.00,offen,551.00
58b5bde2-0e39-44cc-9533-b3f90c06a4d0,0.00,0,0.00,offen,521.00
5b25217c-bfb5-49fd-9088-6d54042dae71,0.00,0,0.00,offen,2358.74
7358c662-c66d-4cc4-8f68-11bfeab2106c,0.00,0,0.00,offen,1163.88
6489b6d2-5345-4734-af52-78ad1d0456fe,0.00,0,0.00,offen,1207.65
74f4d469-b53b-4e40-a3ea-ed94c74fda26,0.00,0,0.00,offen,932.65
186e430b-70c4-44d0-8fe7-a3de701a0edf,0.00,0,0.00,offen,840.95
44f6c267-8084-463a-9bb5-d2ea9b2fc462,0.00,0,0.00,offen,512.68
c9700324-1fea-4195-a82a-429ae592df8d,0.00,0,0.00,offen,973.12
8e157044-851f-4f1f-9d0e-e4af3d4e2ca1,0.00,0,0.00,offen,245.57
474d5404-8b92-4e65-adb0-75be0f31b27b,0.00,0,0.00,offen,1271.48
15029c78-9a6f-40c0-864a-aa2ccfd5ace7,0.00,0,0.00,offen,617.14
1a92a7c4-f3d3-4d55-bf2c-3bc51b5a3e2b,0.00,0,0.00,offen,501.00
f0050074-e49c-4006-9d54-66251e1e7bb7,0.00,0,0.00,offen,681.30
1063c4e4-4173-435c-b277-763dd5299112,0.00,0,0.00,offen,562.38
9f46f3b9-9858-4082-b0c2-3e53c72f61d0,0.00,0,0.00,offen,541.43
1d840a02-a045-4a6b-88a7-e03a72e6aaa4,943.00,943.00,0.00,bezahlt,943.00
d874a80d-035b-4ebc-b66a-b29defd495c8,943.00,943.00,0.00,bezahlt,943.00
95b95171-1467-4670-93c2-416360bf90c3,943.00,943.00,0.00,bezahlt,943.00
65c87278-c345-4885-9555-60ead10553b6,943.00,943.00,0.00,bezahlt,943.00
662b7433-223c-455b-a186-c1979160cfd7,943.00,943.00,0.00,bezahlt,943.00
8f857cde-881b-4bdc-aa4c-686ba966a725,943.00,943.00,0.00,bezahlt,943.00
334420fa-b407-4450-a1b3-e2f37acef637,639.39,639.39,0.00,bezahlt,639.39
ef1ce8e0-14ab-4694-a496-1d6f6e76a193,950.67,950.67,0.00,bezahlt,950.67
95a24a63-c681-4056-adfb-5d2932f41b62,484.51,484.51,0.00,bezahlt,484.51
e5597dcb-5c1f-4118-ac4a-a656c8d01e59,430.04,430.04,0.00,bezahlt,430.04
a8406719-053c-4444-bf33-5e8ff62df6a0,555.31,555.31,0.00,bezahlt,555.31
bc301d63-b0bf-49b1-94eb-698e3cff2c99,605.01,605.01,0.00,bezahlt,605.01
06977fcd-1284-4d2f-8852-be5e81c5ab23,686.90,686.90,0.00,bezahlt,686.90
9c5cd45f-33bd-4482-a179-210e477a4fa0,1104.80,1104.80,0.00,bezahlt,1104.80
0aee521c-240b-4e96-88b5-da5a37c35eb3,0.00,0,0.00,bezahlt,0.00
0b0288cd-de34-4256-9a7d-e363b08a80cb,0.00,0,0.00,offen,2089.37
53e180e4-0341-4e35-a16f-55decdb6a5a2,0.00,0,0.00,offen,721.39
c2abbe3e-d0ff-4d4a-b2cd-7f1518a9fadb,0.00,0,0.00,offen,104.78
800ed307-4491-4248-a6ef-8104a8e7df27,0.00,0,0.00,offen,616.27
a2b62c25-1c08-4faf-9f49-0f422bfeef1b,604.78,604.78,0.00,bezahlt,604.78
b8401fb4-2bda-490d-b06b-5b6d9e11fd27,0.00,0,0.00,offen,86.76
6bf825fe-5ca7-440d-823b-79759fc44672,485.48,485.48,0.00,bezahlt,485.48
b7ebd6a4-6a58-43c1-9116-3ddf06ff315a,433.38,433.38,0.00,bezahlt,433.38
c8d49354-0363-4d9a-be44-88f1f61f1cd3,509.48,509.48,0.00,bezahlt,509.48
aebe2076-80cc-492b-ac45-6ddccad1e356,366.97,366.97,0.00,bezahlt,366.97
30cb199a-fed2-4a21-a333-cb3074c00d97,392.03,392.03,0.00,bezahlt,392.03
88680623-6f3f-4401-b9c6-c63f42f76fe8,356.87,356.87,0.00,bezahlt,356.87
a0577556-3725-4adf-b15f-fd63aaa2cfcd,425.97,425.97,0.00,bezahlt,425.97
b27c4856-ca0b-47c1-874e-cdab52b52a08,160.17,160.17,0.00,bezahlt,160.17
88cc1638-7721-482e-872a-463f33b89d27,528.60,528.60,0.00,bezahlt,528.60
e9dca2c2-88ee-4623-a541-41f9e64030a6,60.59,60.59,0.00,bezahlt,60.59
32b72329-9376-4313-8bed-31810b6f6ca0,16.57,16.57,0.00,bezahlt,16.57
9b48d77e-268b-4ce8-9326-cf75c79ab842,83.44,83.44,0.00,bezahlt,83.44
1a273689-a077-47eb-9380-63c4bebed2ee,75.90,75.90,0.00,bezahlt,75.90
5204383a-5aee-4eaa-af1f-8c85d44c3d77,75.90,75.90,0.00,bezahlt,75.90
1479aa64-35c4-48e8-bb84-7cc721c6f6c8,14.04,14.04,0.00,bezahlt,14.04
6d7284e8-04a5-448d-b843-5074b407e75a,78.38,78.38,0.00,bezahlt,78.38
dd7d8c32-63fd-47a5-8926-1bcb66baf2e0,497.75,497.75,0.00,bezahlt,497.75
0eac71e5-6858-4fba-bc90-71798cf8fbb0,323.91,323.91,0.00,bezahlt,323.91
d3b54a42-c442-4bb8-96c4-b96959984ed2,535.49,535.49,0.00,bezahlt,535.49
e711fbeb-4cd2-4a88-9cd1-741d9cb263f1,535.49,535.49,0.00,bezahlt,535.49
5264f095-562f-4252-be1c-afdb6628fe09,388.29,388.29,0.00,bezahlt,388.29
3fece985-3118-46af-968e-7093343305c2,388.29,388.29,0.00,bezahlt,388.29
816e1a8a-5443-4be4-94b7-1ef8bd9e0fc8,469.16,469.16,0.00,bezahlt,469.16
548d9791-3c38-4018-9b8d-1e9ecc65aa9e,617.76,617.76,0.00,bezahlt,617.76
97fc7d81-2646-41a5-9fb0-608d522ef8a3,617.76,617.76,0.00,bezahlt,617.76
ac1aa698-0758-40cf-91c5-9b30bb28a2ea,920.62,920.62,0.00,bezahlt,920.62
c7639933-d927-4391-9cce-85849ac36f3f,920.62,920.62,0.00,bezahlt,920.62
e5f714a3-8658-4ef0-a06b-430197a822ea,820.64,820.64,0.00,bezahlt,820.64
b7781405-841e-4fa4-92a1-4fa374a42d71,192.20,192.20,0.00,bezahlt,192.20
a8ea0555-aff9-4b78-9c68-f29234f122da,1532.70,1532.70,0.00,bezahlt,1532.70
c1ddd60e-dae9-46d8-b646-cf885d3b0094,130.64,130.64,0.00,bezahlt,130.64
37f9fe10-dae0-4db3-b3df-1dcf3f622def,75.75,75.75,0.00,bezahlt,75.75
aff99cc7-0a7f-4417-94f3-7b56ce0416ce,100.80,100.80,0.00,bezahlt,100.80
654f8c70-8db6-4ac2-b959-953e24cf2cbe,0.00,0,0.00,bezahlt,0.00
1d0c58d6-6e64-45b9-95cd-509a4fd049fe,0.00,0,0.00,offen,804.34
a5b17e80-3c82-49c1-aa83-07935a48225e,0.00,0,0.00,offen,777.84
172b3a0b-56c9-41c0-86cc-3a03e40cbde5,0.00,0,0.00,offen,1104.80
8b8aa059-fa18-4563-b857-9e3ae49ac8e8,0.00,0,0.00,offen,2089.37
dfb3bab9-7d77-4687-83b6-00c08f9338aa,751.26,751.26,0.00,bezahlt,751.26
c423d8c4-ce83-4139-9063-dd951c6d35cf,820.01,820.01,0.00,bezahlt,820.01
1f9cac47-dc9f-4f98-b383-a332765b3968,558.07,558.07,0.00,bezahlt,558.07
00f0e300-5ed4-454b-8d28-202f507185d3,459.98,459.98,0.00,bezahlt,459.98
ce887ad8-6d51-4305-bdad-4cec8d3de7c0,498.43,498.43,0.00,bezahlt,498.43
a79d0a9d-a5a2-45e0-bc8a-859ea75f67c5,670.19,670.19,0.00,bezahlt,670.19
7f085238-b13d-4534-a564-4fbce899598d,639.39,639.39,0.00,bezahlt,639.39
a96339dd-95f5-4984-b70c-dc443c33dba5,950.67,950.67,0.00,bezahlt,950.67
8a8cc364-ad65-4f93-9f9c-54179a2326ef,484.51,484.51,0.00,bezahlt,484.51
9687084f-71ee-4aef-809b-c4d3c5d99b6a,430.04,430.04,0.00,bezahlt,430.04
eb48630e-b1bb-4286-a96b-5086ee2a1b20,555.31,555.31,0.00,bezahlt,555.31
55a4de21-adb9-45b2-9420-31b8083e5bfd,605.01,605.01,0.00,bezahlt,605.01
676be504-e44f-4046-9740-09a87af56835,617.76,617.76,0.00,bezahlt,617.76
1677cb13-940b-4e01-bb9c-08941a5c0f9c,617.76,617.76,0.00,bezahlt,617.76
dac508e7-0411-4822-b2cd-995b48044dff,920.62,920.62,0.00,bezahlt,920.62
cd39313e-308f-44af-844e-a114feb4d66c,920.62,920.62,0.00,bezahlt,920.62
89149353-0db3-45a6-8f6e-aaaca252a799,820.64,820.64,0.00,bezahlt,820.64
571ea173-b04d-4aae-8075-7f9c6dc2bd05,192.20,192.20,0.00,bezahlt,192.20
fe2fca91-a6c8-46bc-9f21-4a6ff644c861,1532.70,1532.70,0.00,bezahlt,1532.70
ccbb151f-b1b6-4c11-83d3-de49e081ddb0,721.39,721.39,0.00,bezahlt,721.39
7931a248-c913-4d22-8149-af46d27099e3,457.84,457.84,0.00,bezahlt,457.84
f5ee10b7-2597-44f9-88bd-722b00f3399a,804.34,804.34,0.00,bezahlt,804.34
465212b1-e383-41a8-8a2b-92402abd3c69,411.42,411.42,0.00,bezahlt,411.42
6cdb3576-5ccc-4792-becd-da7d58550df9,330.50,330.50,0.00,bezahlt,330.50
36e02c04-e015-4b34-8b53-c85137f6f74a,530.23,530.23,0.00,bezahlt,530.23
8d33dec6-1613-4cbb-afb7-abbcd3faedb4,530.23,530.23,0.00,bezahlt,530.23
80e1c827-8cba-47db-b317-c1c6c568b3ff,883.57,883.57,0.00,bezahlt,883.57
ea1e98fd-4f02-4476-aaa9-16a3b44e3ce8,496.18,496.18,0.00,bezahlt,496.18
90f646f2-fe37-4868-8d6f-1ea61cca05d6,496.18,496.18,0.00,bezahlt,496.18
504fedc5-4ffd-4da1-997c-9b2487d667d6,409.92,409.92,0.00,bezahlt,409.92
57e7f4a0-2432-4f9a-b774-3c8663abab02,777.84,777.84,0.00,bezahlt,777.84
bea68d9b-bb6b-4cbc-ab9f-68416a59c8c5,605.03,605.03,0.00,bezahlt,605.03
1650f78e-bfe2-48dd-ae7e-d5bd48b4d4df,115.63,115.63,0.00,bezahlt,115.63
f97058f7-3982-449f-98d3-971c57b58401,0.00,0,0.00,bezahlt,0.00
411c1213-f637-4ecf-9ecf-d97de6cb0e9c,130.64,130.64,0.00,bezahlt,130.64
7670b0e4-8959-49b2-9b79-c81e654a51ae,0.00,0,0.00,offen,670.19
2dab72ab-f294-4e4d-825c-5dc0c5235bf7,0.00,0,0.00,offen,950.67
02c3c5d0-5c6b-41ff-b070-8aa548f47f27,75.75,75.75,0.00,bezahlt,75.75
3bf2e39c-f7af-40d5-9687-a4347d79fc22,104.78,104.78,0.00,bezahlt,104.78
80fa095b-edbc-4f4a-9846-c5b70c1b23d1,100.80,100.80,0.00,bezahlt,100.80
f3227db2-d63e-411e-a39c-5f12041b53a6,92.59,92.59,0.00,bezahlt,92.59
35ece80f-0f75-4813-92eb-33c1b904b8ba,92.59,92.59,0.00,bezahlt,92.59
c1ea4517-e878-42d8-b52b-59c1ee094abc,24.54,24.54,0.00,bezahlt,24.54
ccf88d12-e7e0-463e-b7e8-34883d27f9bc,112.42,112.42,0.00,bezahlt,112.42
f4eebeff-de62-410a-9e10-0775855d5a33,616.27,616.27,0.00,bezahlt,616.27
d615c45f-66e1-43fd-9f8b-54d1b4aa1b6e,604.78,604.78,0.00,bezahlt,604.78
841bb0c0-4d0b-4904-b27a-acbd4b7972b0,584.09,584.09,0.00,bezahlt,584.09
410188df-3205-496e-838f-f322dad56cad,751.26,751.26,0.00,bezahlt,751.26
99c01a16-d9ab-4a0d-98bd-1e4ffaee0ef6,820.01,820.01,0.00,bezahlt,820.01
bf45fc8c-bdd0-4644-b63f-d2ed2b2fb715,558.07,558.07,0.00,bezahlt,558.07
34df4f67-215e-42c8-a8cd-20cc1a313c69,459.98,459.98,0.00,bezahlt,459.98
fe32b8fe-3f5c-49a5-b7fe-c5b39f01651a,498.43,498.43,0.00,bezahlt,498.43
d586c57f-3126-45c4-a885-d31bb3f04a97,670.19,670.19,0.00,bezahlt,670.19
42eaa049-bc9e-49bb-8146-6619ce979dee,639.39,639.39,0.00,bezahlt,639.39
e718ff67-fa18-4be6-b2a9-0a1a21cfdcbd,950.67,950.67,0.00,bezahlt,950.67
3f3b880a-93cd-4a03-aa9e-86e6163b8442,484.51,484.51,0.00,bezahlt,484.51
eacbb8c0-ee0a-45f0-973b-825f6a48061d,430.04,430.04,0.00,bezahlt,430.04
54a55ada-c2a4-469c-a897-817b61fa8320,555.31,555.31,0.00,bezahlt,555.31
c4bbc07d-e437-42cc-997e-ab0f8a644a6a,605.01,605.01,0.00,bezahlt,605.01
1a8678ff-9f02-4eec-8274-62fd060d024c,686.90,686.90,0.00,bezahlt,686.90
c8006a6f-667f-4c2e-972b-1adbaf4b8dc1,1104.80,1104.80,0.00,bezahlt,1104.80
2ac481a4-480a-44c7-8575-b76cb65435ee,617.76,617.76,0.00,bezahlt,617.76
12111abf-dc28-48ee-aea3-4f0380270279,920.62,920.62,0.00,bezahlt,920.62
57796aa4-f50b-40e8-ac2a-444639bab8b6,920.62,920.62,0.00,bezahlt,920.62
8162f17d-b322-43b1-9192-3197584465b6,820.64,820.64,0.00,bezahlt,820.64
2bef8504-7791-4581-a411-2630077e3803,92.59,92.59,0.00,bezahlt,92.59
bd44467e-bea5-4275-a770-5e5f0729d9ad,92.59,92.59,0.00,bezahlt,92.59
ec827d24-662d-436e-8ad2-d2bf0818be02,24.54,24.54,0.00,bezahlt,24.54
502cc9fc-475d-4f43-9640-330ba97b51bb,112.42,112.42,0.00,bezahlt,112.42
4636c583-a12b-49fa-acb3-320fb490d0ce,639.39,639.39,0.00,bezahlt,639.39
5be73276-6f58-4b74-a4df-e2e434b02724,0.00,0,0.00,bezahlt,0.00
8bac95d6-e29e-4c79-9ac9-f56d33c9f34b,0.00,0,0.00,offen,100.80
e8b462bb-4471-4644-bc74-6c4c01fd9489,0.00,0,0.00,offen,92.59
f96604f2-cca9-4282-8836-ddd16ca39383,0.00,0,0.00,offen,24.54
fcd99638-e6e4-47b8-a5ae-76d5d1a9dbc6,0.00,0,0.00,offen,558.07
c55216df-be04-4968-824f-e63c59518705,0.00,0,0.00,offen,820.01
c1e650be-c5d5-4ba9-b12b-1fcc0d68d5f9,0.00,0,0.00,offen,558.07
24853b78-e31f-4a1d-bb07-48d437c05386,0.00,0,0.00,offen,950.67
e0095f69-69ea-43d2-af3c-9cf8549597f0,0.00,0,0.00,offen,430.04
0af6f361-712b-4e19-8d31-2689a4598834,0.00,0,0.00,offen,920.62
ac6c148f-5058-4b5b-9a74-4b218ec36557,1532.70,1532.70,0.00,bezahlt,1532.70
b477a49e-5ff5-4c72-896c-6431c7f952ba,2089.37,2089.37,0.00,bezahlt,2089.37
6910f732-c7c6-4b26-b752-de7bb7073e03,130.64,130.64,0.00,bezahlt,130.64
4d9f5f5a-abae-49dd-82a4-20acffc83fd6,75.75,75.75,0.00,bezahlt,75.75
b65c2b7e-d20e-4c1d-ab25-4ce2614a8eec,104.78,104.78,0.00,bezahlt,104.78
d461ce5e-41bd-46e6-b1ea-d4c6d50b25c5,92.59,92.59,0.00,bezahlt,92.59
7baeb4f4-7d37-49fd-affc-c43fb7e2d352,112.42,112.42,0.00,bezahlt,112.42
bac7d75a-f4fb-4a2d-81fd-b47dea3e504a,616.27,616.27,0.00,bezahlt,616.27
56edacbb-c312-4088-9a46-9c86475c674d,656.64,656.64,0.00,bezahlt,656.64
b93e99d5-cb3d-41b8-8c0b-53cebe908451,604.78,604.78,0.00,bezahlt,604.78
44022663-06ed-45fd-88af-6238acc93abd,584.09,584.09,0.00,bezahlt,584.09
61cdb064-fa78-4787-8238-8d0ed964d621,751.26,751.26,0.00,bezahlt,751.26
8e4ba662-6a06-4730-b13a-ed9d33d3ac61,459.98,459.98,0.00,bezahlt,459.98
5c7e88f7-b120-46b3-b0ae-671a2c8039b5,498.43,498.43,0.00,bezahlt,498.43
cb518aa5-3176-4a76-b40f-d3209bafe107,670.19,670.19,0.00,bezahlt,670.19
a298d2e1-867c-4a3e-9329-2ca79a73c899,639.39,639.39,0.00,bezahlt,639.39
5b3807e1-f810-497d-88ef-49730e2e1d47,484.51,484.51,0.00,bezahlt,484.51
ebfe5616-5c4c-455f-b393-b0aef0f88a38,555.31,555.31,0.00,bezahlt,555.31
cdd45414-a881-4eb0-8ea4-f48927a3706f,605.01,605.01,0.00,bezahlt,605.01
dfd34a8e-247e-4cae-9224-2e360c7f82a0,686.90,686.90,0.00,bezahlt,686.90
36f4ef83-2bc6-40af-a48c-1cf258f87a6d,1104.80,1104.80,0.00,bezahlt,1104.80
0e2524f8-93b1-4e3a-8ff5-055213c94c52,617.76,617.76,0.00,bezahlt,617.76
26e78450-5f49-4f3a-ae9e-828ae37d9b1d,920.62,920.62,0.00,bezahlt,920.62
f7e98992-8e80-4612-8c13-ccd1121bbb25,820.64,820.64,0.00,bezahlt,820.64
e4038bb9-b76a-429c-84f7-a3d42b262c62,820.01,820.01,0.00,bezahlt,820.01
5fc37853-a5ce-4464-aca6-67fd0f93ffeb,459.98,459.98,0.00,bezahlt,459.98
c6cc23d3-8ebf-4845-b3b4-8acf213aacae,498.43,498.43,0.00,bezahlt,498.43
64e5a640-578d-428a-abd0-f8f69bbc45ab,0.00,0,0.00,bezahlt,0.00
218e9954-5c5f-45a1-a2c2-07c4609d4d98,0.00,0,0.00,offen,130.64
d2d26c67-0ed1-42ae-bd18-1392b3a2bd38,0.00,0,0.00,offen,92.59
d4a82d25-64cb-4608-9c98-e462c02beaf7,0.00,0,0.00,offen,112.42
18a95d1f-2f5b-4293-b265-26723a0b867e,192.20,192.20,0.00,bezahlt,192.20
21a286a8-9983-4990-b5c7-53955282f502,0.00,0,0.00,offen,498.43
0cba90d6-3901-4767-a6de-db25f8334358,0.00,0,0.00,offen,639.39
26e4337e-b68e-4552-8117-c0262f5b5cd0,0.00,0,0.00,offen,686.90
17b7a74b-190d-4379-869c-501aa659c131,1532.70,1532.70,0.00,bezahlt,1532.70
9da1e249-1142-4e96-a0e3-1c42fa722025,2089.37,2089.37,0.00,bezahlt,2089.37
0a344f00-7fdb-4af9-b0ef-695939b12ff3,721.39,721.39,0.00,bezahlt,721.39
9fb57247-8564-46fc-a699-75123faafb6c,75.75,75.75,0.00,bezahlt,75.75
14e70f23-c222-4ace-ae69-ac2b66816304,100.80,100.80,0.00,bezahlt,100.80
67f43887-663e-4875-be3e-6da1e67249be,92.59,92.59,0.00,bezahlt,92.59
81930193-aeb9-4ff1-961c-ffd7948e7923,24.54,24.54,0.00,bezahlt,24.54
ad6d4f25-b548-4492-8ac9-304e16c7b06e,616.27,616.27,0.00,bezahlt,616.27
f5261c34-d927-4af7-aa43-d48b82d984e6,656.64,656.64,0.00,bezahlt,656.64
501237d5-dcfe-4537-a40a-05cda971f4fa,604.78,604.78,0.00,bezahlt,604.78
817ddf14-4c24-4998-9076-52ce63a5607f,584.09,584.09,0.00,bezahlt,584.09
55be72f2-43c7-48db-83fb-45bd6f7bf400,751.26,751.26,0.00,bezahlt,751.26
bf1d2ac4-3834-47b7-8df5-c0c641572081,820.01,820.01,0.00,bezahlt,820.01
921996ed-85c3-43d9-a605-99b68c27a7c6,558.07,558.07,0.00,bezahlt,558.07
e9489926-c455-4c1d-b508-56fbc6107e9f,459.98,459.98,0.00,bezahlt,459.98
c14cc08f-2a90-4221-832f-860fb1b2b0a4,670.19,670.19,0.00,bezahlt,670.19
5e62d222-2346-4561-8cee-31de5e693449,950.67,950.67,0.00,bezahlt,950.67
8ee0724d-d8e4-49ed-9a35-8bf79f2e138b,484.51,484.51,0.00,bezahlt,484.51
292a8bc4-d9de-4bcc-9ee0-d1d84723d27d,430.04,430.04,0.00,bezahlt,430.04
4baa125a-8ed1-470e-94d5-7590ec5355a8,555.31,555.31,0.00,bezahlt,555.31
d5b1316d-443c-4d2f-b52b-cfac4ba49eb8,605.01,605.01,0.00,bezahlt,605.01
9336ef5e-05b5-48b3-9ffb-f4c6f38de144,1104.80,1104.80,0.00,bezahlt,1104.80
c98a691a-f775-4ea2-9d09-f4249a66d725,617.76,617.76,0.00,bezahlt,617.76
4f93542f-d578-4f00-a262-31872cff523f,920.62,920.62,0.00,bezahlt,920.62
c8a2142c-b01c-4b00-b9cc-1399947e14e6,920.62,920.62,0.00,bezahlt,920.62
51675a99-736b-42bf-a35a-2c0ea59ab802,820.64,820.64,0.00,bezahlt,820.64
167119be-2c6e-4435-a233-efe06e1ea509,616.27,616.27,0.00,bezahlt,616.27
1ba9568c-ca0f-46e7-a2a8-50ad08c90893,656.64,656.64,0.00,bezahlt,656.64
301067ba-6744-46a1-9988-c613e2a9fd43,604.78,604.78,0.00,bezahlt,604.78
89ae2f75-2f14-44e3-972b-47e81c5acc08,0.00,0,0.00,bezahlt,0.00
6b16a2ae-3fdc-419b-b497-9ab2cd6853ba,0.00,0,0.00,offen,92.59
b8e5223e-5427-4cdd-9d79-2e6d17aab079,192.20,192.20,0.00,bezahlt,192.20
69f1fb2b-b017-4f27-8267-ce4857eaa0df,0.00,0,0.00,offen,656.64
9fc613ce-ddce-47c4-aa9f-94b29287846d,0.00,0,0.00,offen,605.01
8dfbf86c-5696-4513-a2ac-6e1fb27eb082,0.00,0,0.00,offen,2089.37
b97fcd7e-21ed-44ab-a405-59866ad572f1,1532.70,1532.70,0.00,bezahlt,1532.70
e58c318b-2732-436a-884f-6d8659510be8,2089.37,2089.37,0.00,bezahlt,2089.37
394315b1-1acf-41a6-b4e8-42ab69955eb9,721.39,721.39,0.00,bezahlt,721.39
bb40d5fb-2db0-49dd-9138-690c7aa8bce1,130.64,130.64,0.00,bezahlt,130.64
b3788587-705a-4dda-8f91-a4d11500dd59,75.75,75.75,0.00,bezahlt,75.75
cc33c78e-a16b-4319-8cca-21c4e6aadacc,104.78,104.78,0.00,bezahlt,104.78
9781221a-02a4-4b99-addb-c9b680451412,92.59,92.59,0.00,bezahlt,92.59
7215b743-aa73-459a-8418-70fa4d38f9a5,24.54,24.54,0.00,bezahlt,24.54
7fbeb7f4-e091-4fd1-9d8a-c0bf68e973b1,112.42,112.42,0.00,bezahlt,112.42
d053268b-8040-4163-ba60-7f10514be5c8,820.01,820.01,0.00,bezahlt,820.01
0fb9b42c-f331-4d9c-aecf-9b954094e265,558.07,558.07,0.00,bezahlt,558.07
c35fc5ae-e6c8-4ba5-bc74-f765dc137064,459.98,459.98,0.00,bezahlt,459.98
3b432993-4b1a-49a7-ab3b-10f3846bed4f,498.43,498.43,0.00,bezahlt,498.43
a8afff53-1d37-4e7a-a214-57e166008e2d,670.19,670.19,0.00,bezahlt,670.19
caa859dc-4116-4328-8f76-b629a10c60d9,639.39,639.39,0.00,bezahlt,639.39
74f31bfb-ebec-4b96-ab33-3a16f6337306,950.67,950.67,0.00,bezahlt,950.67
88ef60ff-8874-4bc0-97e7-da178d244489,484.51,484.51,0.00,bezahlt,484.51
a189baf2-bdc4-498e-8bad-7ef7633ecf8e,430.04,430.04,0.00,bezahlt,430.04
75e2b215-e4a8-485a-ace1-4f7ab1952fc3,555.31,555.31,0.00,bezahlt,555.31
b41d7fb0-d521-426e-abf1-d1d2e8578912,686.90,686.90,0.00,bezahlt,686.90
1d4ffa47-f19f-486a-a364-5507d8127153,1104.80,1104.80,0.00,bezahlt,1104.80
233a4ab8-8df8-4c55-b787-b724e0518944,617.76,617.76,0.00,bezahlt,617.76
4892314e-9ad7-449b-a503-5818496d7a4f,617.76,617.76,0.00,bezahlt,617.76
fa8f1397-3407-4ebc-a75e-317e76180c9f,920.62,920.62,0.00,bezahlt,920.62
2113d6b5-ee01-4b79-9fe3-db0f976d90be,820.64,820.64,0.00,bezahlt,820.64
571791ca-167e-4b2f-8249-89b95640003d,192.20,192.20,0.00,bezahlt,192.20
254e4bd4-6fc0-4795-98db-4eec56038e6a,1532.70,1532.70,0.00,bezahlt,1532.70
f0d87e60-4414-4fdd-9fc3-1d341ebe618c,721.39,721.39,0.00,bezahlt,721.39
e0d0f4ea-0b8f-43ee-a0fe-7e67cace4274,130.64,130.64,0.00,bezahlt,130.64
78a9b3a2-bb11-4c2f-b225-6c23b65b7cb7,616.27,616.27,0.00,bezahlt,616.27
13dde346-f572-4bd0-9e16-0e88db5db878,604.78,604.78,0.00,bezahlt,604.78
8b19a317-d76a-4f9c-9c4c-d79e91072330,0.00,0,0.00,bezahlt,0.00
4097c0b4-759f-4f6a-8d26-3fdd07de918c,0.00,0,0.00,offen,100.80
6598199f-c5c9-42d9-8fbd-e440f1607ec0,0.00,0,0.00,offen,686.90
15a025b0-8018-48e2-a97d-a83cb0c36277,0.00,0,0.00,offen,1104.80
4377f647-9fc7-4687-a4cf-d764609e516d,0.00,0,0.00,offen,75.75
6140ccf2-023f-4530-96c0-530b42cd1869,104.78,104.78,0.00,bezahlt,104.78
7d66e259-da3d-46e4-a7f3-ce254d9a670c,92.59,92.59,0.00,bezahlt,92.59
7b0117f5-bdb8-410e-829a-0468611353d4,92.59,92.59,0.00,bezahlt,92.59
ca3d755e-2f22-4f64-8449-097de1f8860a,24.54,24.54,0.00,bezahlt,24.54
005b45e4-c6b2-4e3e-be42-56cbd2d0d707,112.42,112.42,0.00,bezahlt,112.42
6f7faf3d-bbbd-4508-833f-ae22be10228e,616.27,616.27,0.00,bezahlt,616.27
4feb3c43-d504-467b-a0f7-3788c36165dc,656.64,656.64,0.00,bezahlt,656.64
4a765b89-7407-439b-ad79-ea46100724a9,584.09,584.09,0.00,bezahlt,584.09
f4947975-5e96-4513-9184-68caa5536c32,751.26,751.26,0.00,bezahlt,751.26
8db0bb93-c8a9-45b8-add9-311bf8b5fba1,484.51,484.51,0.00,bezahlt,484.51
27315c28-fc62-4224-9a26-2cbe8163e0d8,430.04,430.04,0.00,bezahlt,430.04
b8715cfe-1c95-45b4-b7d8-3cecff1f128c,555.31,555.31,0.00,bezahlt,555.31
4e0bda3e-039b-4fb8-8556-dcf207b96880,605.01,605.01,0.00,bezahlt,605.01
62786f90-56a3-4a2f-af3b-d4a4e1843b17,617.76,617.76,0.00,bezahlt,617.76
e48c1820-3442-4d70-835d-c40503f66391,617.76,617.76,0.00,bezahlt,617.76
24567db4-951f-4095-abd0-06eb919614df,920.62,920.62,0.00,bezahlt,920.62
32f0a65c-1028-4531-89e6-87300a7f05bf,920.62,920.62,0.00,bezahlt,920.62
fe721d41-ab33-40c9-a5da-a0fc5da6f4e5,820.64,820.64,0.00,bezahlt,820.64
91249235-282f-48e5-8521-744c370ecc28,192.20,192.20,0.00,bezahlt,192.20
9453c59a-5ccc-431e-a87a-df9dc21294ea,1532.70,1532.70,0.00,bezahlt,1532.70
8544a892-a77b-47bc-a221-9d386e0dd42c,2089.37,2089.37,0.00,bezahlt,2089.37
027a128c-e839-42c0-b23c-d8ce9c37da1d,721.39,721.39,0.00,bezahlt,721.39
be1e513c-6c6c-4637-ad9a-69d0280a547b,130.64,130.64,0.00,bezahlt,130.64
0e8effa9-0fab-4ac6-894a-869a7c8f5cd7,104.78,104.78,0.00,bezahlt,104.78
f95b0a77-2692-4d9e-96b4-e6a6fca2b882,100.80,100.80,0.00,bezahlt,100.80
4bfb855d-44e0-4105-b16f-6750aef22359,92.59,92.59,0.00,bezahlt,92.59
b0e88dc4-0371-4e56-93f4-d879d2e6ec0a,92.59,92.59,0.00,bezahlt,92.59
b864a4f8-b02d-47a2-bc33-b959346c70db,24.54,24.54,0.00,bezahlt,24.54
f908e10e-a141-49b8-8b31-e5bd5ff06202,112.42,112.42,0.00,bezahlt,112.42
430a10aa-c3a8-4bf5-9294-0968c85ecf41,656.64,656.64,0.00,bezahlt,656.64
a017a889-6160-46d1-84ff-8ce493f5ecda,604.78,604.78,0.00,bezahlt,604.78
95dcaf9d-f939-47fe-ab87-598cbbb6a2c8,584.09,584.09,0.00,bezahlt,584.09
55e4c471-f917-471c-bf32-5e153f7ce5c2,0.00,0,0.00,bezahlt,0.00
57c747fd-e3c1-4725-87bb-800c8e9a9084,0.00,0,0.00,offen,820.01
918bebf3-adcb-4754-8bc5-a4d54cda21db,0.00,0,0.00,offen,498.43
dc213c2c-795e-49b0-a43f-3ae502ac8cd9,0.00,0,0.00,offen,605.01
c153d009-65b0-4f04-a298-dbe605e4942c,0.00,0,0.00,offen,751.26
34f486e5-a9ed-4774-b1dc-4d4e0e242da4,0.00,0,0.00,offen,639.39
806ccc25-0670-4e80-a242-843ab56b5c7d,0.00,0,0.00,offen,605.01
d913e98c-c2db-4796-9939-47c8e26b9870,0.00,0,0.00,offen,920.62
21b8bfb9-ddbd-462c-885c-8624ea114d99,0.00,0,0.00,offen,1532.70
346e2b52-bf75-4acb-9a03-6d81ee004c0d,558.07,558.07,0.00,bezahlt,558.07
227e6cb2-7a88-444c-8bff-c1a38a1bec2d,459.98,459.98,0.00,bezahlt,459.98
7e158adc-88ef-425e-a2b6-0ecf89acab8d,670.19,670.19,0.00,bezahlt,670.19
ac1ca612-2024-4cd6-84f2-7c2b90cb4b43,950.67,950.67,0.00,bezahlt,950.67
81281301-d263-4866-8d16-a5ceeacb4d1a,484.51,484.51,0.00,bezahlt,484.51
40b139a8-80ba-46b1-b39d-1a94def9414f,430.04,430.04,0.00,bezahlt,430.04
be2a304c-664d-4847-8bfc-34beb36c4c9b,555.31,555.31,0.00,bezahlt,555.31
94c12fc8-31c1-485d-85ab-63398710adbc,686.90,686.90,0.00,bezahlt,686.90
a64d9cb9-8b87-4e44-8b02-08f627454367,1104.80,1104.80,0.00,bezahlt,1104.80
53b5091d-72d5-48be-8845-3184a0a1f682,617.76,617.76,0.00,bezahlt,617.76
674f10f3-fc19-44ab-a97b-e37e681e8b6e,617.76,617.76,0.00,bezahlt,617.76
5a69ce5c-f221-4cfa-8914-cdfe357b7524,920.62,920.62,0.00,bezahlt,920.62
8ecfed44-b77f-469f-8f34-fcba127382c1,820.64,820.64,0.00,bezahlt,820.64
7bc0a7ca-219e-4870-a178-cfb041581c00,192.20,192.20,0.00,bezahlt,192.20
7a671bb5-1d34-4aff-9ab3-96f9d2edff8d,2089.37,2089.37,0.00,bezahlt,2089.37
0670bb03-217d-4554-a163-aec94166ae0d,721.39,721.39,0.00,bezahlt,721.39
13ec1b00-6bca-4d10-a959-0538d649743f,130.64,130.64,0.00,bezahlt,130.64
e716f4ab-9e7c-4fa2-b3b9-ce246a6a76b3,75.75,75.75,0.00,bezahlt,75.75
9925ee92-1e7a-4a54-99b2-4ac572881ae8,104.78,104.78,0.00,bezahlt,104.78
5e4c6f2c-b218-4269-ba7d-05f4f0a5b31a,100.80,100.80,0.00,bezahlt,100.80
d0714143-d8d5-4cf5-9474-63b5e5be1f60,751.26,751.26,0.00,bezahlt,751.26
c35ed0d5-d0a9-49cc-9fdd-be413e7a5fcb,558.07,558.07,0.00,bezahlt,558.07
794fb527-1b40-41b7-86a7-1cfe2192d74a,670.19,670.19,0.00,bezahlt,670.19
0798a67e-473c-41d9-b2da-af2f4c2fa333,639.39,639.39,0.00,bezahlt,639.39
1f795d81-923c-4009-bd4e-0fcdc9c05a69,950.67,950.67,0.00,bezahlt,950.67
3c8614db-5747-4f09-be54-08002dacb408,484.51,484.51,0.00,bezahlt,484.51
cb67718c-d376-4cb8-871f-52dea4217644,430.04,430.04,0.00,bezahlt,430.04
deefdef3-034f-44b8-a5ae-43a776ab7c66,555.31,555.31,0.00,bezahlt,555.31
20b85788-b52e-45c9-aaec-8a75729cfc9e,0.00,0,0.00,offen,92.59
64700917-9236-493f-a718-5cfeda22fbe8,0.00,0,0.00,offen,92.59
16b22287-bfc9-43ef-8a69-4008ea3a9e3e,0.00,0,0.00,bezahlt,0.00
5b0b400d-ec89-405e-a484-d48929cd3c2f,0.00,0,0.00,offen,751.26
7b26085c-db41-4b18-824c-9f8089f6e467,0.00,0,0.00,offen,617.76
c2d11488-35b5-4125-8903-186797bbb5a0,0.00,0,0.00,offen,100.80
52d7ed8a-a129-4d92-8154-b56786f7079c,0.00,0,0.00,offen,24.54
f5696b85-3736-4138-ba6c-67001ade9687,112.42,112.42,0.00,bezahlt,112.42
a8157fc5-454c-4492-84a7-e249f6d7c897,820.01,820.01,0.00,bezahlt,820.01
1046ba33-40cd-4682-be71-4eb556530708,558.07,558.07,0.00,bezahlt,558.07
5dd75442-f33c-4d72-84ca-19224d2b09dc,459.98,459.98,0.00,bezahlt,459.98
0ff3f523-4461-4905-a3ce-38f1ba9580d6,498.43,498.43,0.00,bezahlt,498.43
cef4b55e-2db7-4c0c-ab37-c9ff90d24f5e,639.39,639.39,0.00,bezahlt,639.39
69be4dc9-43e8-46d3-94d4-3085b59b30d5,950.67,950.67,0.00,bezahlt,950.67
2eed6a54-4f24-4566-aade-e27c71fe3d56,484.51,484.51,0.00,bezahlt,484.51
97c909a5-ac46-4d2c-bec1-8db29b59868e,430.04,430.04,0.00,bezahlt,430.04
27784b3d-7f8d-4957-8015-a8ebd3dafad6,555.31,555.31,0.00,bezahlt,555.31
e4e1537e-a99d-4d7d-920e-c0249cb406c6,605.01,605.01,0.00,bezahlt,605.01
4c5ef719-473e-4751-8830-80f134d22a41,686.90,686.90,0.00,bezahlt,686.90
e8f0f173-6e9c-431c-bcfc-3c93e6b817c7,1104.80,1104.80,0.00,bezahlt,1104.80
b7efafad-28ba-4bad-901b-6a6d7ecf2d1c,617.76,617.76,0.00,bezahlt,617.76
511aec4e-aab9-46eb-996e-c283dbc4ee74,920.62,920.62,0.00,bezahlt,920.62
0e4344a9-2cd4-41cc-b616-95a667c09b27,920.62,920.62,0.00,bezahlt,920.62
471dff1a-3609-4127-9d96-bcc57643031d,820.64,820.64,0.00,bezahlt,820.64
ba0b068c-9744-4980-81d8-b3218eb6afbc,192.20,192.20,0.00,bezahlt,192.20
13d98f15-f776-49fc-9297-cb456ba30f23,1532.70,1532.70,0.00,bezahlt,1532.70
62f6e87d-679c-46ea-945a-fa4ba0eec5ae,2089.37,2089.37,0.00,bezahlt,2089.37
7d00afd1-7346-4328-ad1e-661091192a2f,721.39,721.39,0.00,bezahlt,721.39
cf20ae4e-6973-4a23-bcdb-52e29c78d94d,130.64,130.64,0.00,bezahlt,130.64
30cf1bda-fc74-40bb-82fd-ab68ca15eed2,75.75,75.75,0.00,bezahlt,75.75
a6b834d4-d783-41f5-b936-a9259d5be771,104.78,104.78,0.00,bezahlt,104.78
2089d5f8-20aa-4058-9c2d-b3cf94a401fd,92.59,92.59,0.00,bezahlt,92.59
db2fedd5-3863-4fed-8262-2c87610cd18d,92.59,92.59,0.00,bezahlt,92.59
808e1731-cf30-49c1-9ed0-29af16bf3930,686.90,686.90,0.00,bezahlt,686.90
59a0fe82-7f52-4099-a79b-3837b6306db7,1104.80,1104.80,0.00,bezahlt,1104.80
5cf0a450-cefa-4e8b-a8bd-0989740864e3,617.76,617.76,0.00,bezahlt,617.76
50ce8a98-39d3-4bcc-8972-7e67caf64a7a,0.00,0,0.00,bezahlt,0.00
dd70b9be-feb4-4d0e-bcfc-ebe941afcb19,0.00,0,0.00,offen,920.62
ae8e87ad-d092-4a66-b906-6a5fc3991478,0.00,0,0.00,offen,75.75
2d977f60-7ecd-4bf8-8531-d4b0e01adef5,0.00,0,0.00,offen,104.78
7d291756-b2b1-4cd9-8fa5-b35b39f3be45,0.00,0,0.00,offen,100.80
75dfc34e-65f1-404a-bfd6-26299f9aaa17,0.00,0,0.00,offen,24.54
9ce3acf9-9101-49cc-b32e-ac52f4ffe099,0.00,0,0.00,offen,605.01
96403b53-8c95-4269-932e-e356aef20cc6,920.62,920.62,0.00,bezahlt,920.62
6f15951c-524e-4d40-9a86-0002601a63ae,820.64,820.64,0.00,bezahlt,820.64
21d330ed-2489-4529-aefe-4db623daea99,192.20,192.20,0.00,bezahlt,192.20
edf5d8c4-ce07-461d-9e9d-edd10181ca0f,1532.70,1532.70,0.00,bezahlt,1532.70
d1f73d1d-10c8-4e87-8711-58f8012e6002,721.39,721.39,0.00,bezahlt,721.39
1cdf84cb-dbf3-4b6e-9282-355dd6ad96f0,130.64,130.64,0.00,bezahlt,130.64
11c9a166-3e2f-4b90-8a2f-ceb70cd83f85,92.59,92.59,0.00,bezahlt,92.59
65262d7f-603b-47e7-83ca-f56c79372acf,92.59,92.59,0.00,bezahlt,92.59
10bbc50a-5dc9-4d48-9848-ad2884ef75f4,112.42,112.42,0.00,bezahlt,112.42
d07d5260-7e43-457b-a01c-0b825125a4c8,616.27,616.27,0.00,bezahlt,616.27
e1a3eae4-8813-4e98-a709-620074f219fe,656.64,656.64,0.00,bezahlt,656.64
91a97cb5-03a2-4182-809f-18d10749edd3,604.78,604.78,0.00,bezahlt,604.78
867cb387-bb3d-4309-bf6f-19e769daebe7,584.09,584.09,0.00,bezahlt,584.09
fff59997-d602-4bdf-a88e-3c6977500006,751.26,751.26,0.00,bezahlt,751.26
3ddc964a-6b0a-4b6c-b405-a125bcf40d55,820.01,820.01,0.00,bezahlt,820.01
a1ccd23a-27f2-4376-8ab5-3ecedf6789a4,558.07,558.07,0.00,bezahlt,558.07
2a55d926-a1c8-45f7-b365-a6aa9e30adea,459.98,459.98,0.00,bezahlt,459.98
cb5bb134-00fd-4715-b09c-4e31beb392e6,498.43,498.43,0.00,bezahlt,498.43
67a975c6-df6e-4073-83e9-3a2a09ae1dcb,670.19,670.19,0.00,bezahlt,670.19
5ef830b0-e007-4b85-ac56-1dd866cc5535,639.39,639.39,0.00,bezahlt,639.39
065596cd-49b2-4397-850d-e0b0c0ccdfff,950.67,950.67,0.00,bezahlt,950.67
ebf39ac3-259e-44a9-8ab3-e373aa405f80,484.51,484.51,0.00,bezahlt,484.51
7a62f648-8106-4af1-8d6a-0c3df0cd95ce,430.04,430.04,0.00,bezahlt,430.04
75c308a8-2ac5-4ca2-8519-1764bdc90520,686.90,686.90,0.00,bezahlt,686.90
3feca953-12d8-4e8a-953b-57a199fc5015,1104.80,1104.80,0.00,bezahlt,1104.80
422cd70e-3c27-4915-bef9-d9fffc6691f5,617.76,617.76,0.00,bezahlt,617.76
b905f14f-ac06-44fa-aeb6-1718e679ad7f,130.64,130.64,0.00,bezahlt,130.64
f80bd76a-03ce-446c-9dc1-c63049bac1ff,75.75,75.75,0.00,bezahlt,75.75
62466417-96ae-46dc-a829-6c5094f4dc65,104.78,104.78,0.00,bezahlt,104.78
e7eb2046-b528-420f-a064-0ca6ee4ee5bd,100.80,100.80,0.00,bezahlt,100.80
2c027a43-61b1-403e-93e4-9a52df878827,0.00,0,0.00,bezahlt,0.00
e8cf1d61-63e6-4a4a-8717-7ad3c0388f56,0.00,0,0.00,offen,656.64
68606b86-e37d-484a-a98f-daaebfaee641,0.00,0,0.00,offen,751.26
39c8ca64-4a39-44db-8996-d9a3ed3a70df,0.00,0,0.00,offen,820.64
1c50d368-f991-4d97-879e-78b888ea5195,0.00,0,0.00,offen,75.75
9b21042b-7624-4156-9c7b-76890e3d4884,0.00,0,0.00,offen,92.59
e11b1d09-977b-4d1e-982b-a95bd5bf58b7,92.59,92.59,0.00,bezahlt,92.59
5261244a-57e7-41c3-9f0b-653e9b921f41,24.54,24.54,0.00,bezahlt,24.54
1262cce1-bb99-4be9-a6f8-2f0e10d76d97,112.42,112.42,0.00,bezahlt,112.42
5ee320b1-991b-4760-8a94-a48fe97e9dbb,616.27,616.27,0.00,bezahlt,616.27
6df1e955-fe39-4239-b5bd-303722f520bc,604.78,604.78,0.00,bezahlt,604.78
ec594b3b-5041-4cc9-96cb-3631ac978a36,584.09,584.09,0.00,bezahlt,584.09
1c3b3cc2-cb79-4241-9904-4bedc43bbffd,558.07,558.07,0.00,bezahlt,558.07
450e0840-b483-495d-b46b-b9dca3f5f1e3,459.98,459.98,0.00,bezahlt,459.98
8477485b-697e-4730-8ebf-b98655d1fa5e,498.43,498.43,0.00,bezahlt,498.43
98ff5df2-bf52-441b-b6b5-5fcd275bdf69,670.19,670.19,0.00,bezahlt,670.19
939502df-0243-48b5-8b58-a93069fa937a,639.39,639.39,0.00,bezahlt,639.39
0fd327dd-3f73-4fcf-9fac-85736fb5db03,950.67,950.67,0.00,bezahlt,950.67
a3ea0a03-06d4-485c-925b-77aab56063c0,484.51,484.51,0.00,bezahlt,484.51
e0e82a93-2ffb-40eb-8916-c54bc4c8dbeb,430.04,430.04,0.00,bezahlt,430.04
c9ca6b3d-df14-4415-9dd9-5c6571b9af08,555.31,555.31,0.00,bezahlt,555.31
d988c3db-677e-40dc-b194-128fe2fcceee,605.01,605.01,0.00,bezahlt,605.01
a16b14aa-8433-4aff-924f-f5ebfa0a4c65,686.90,686.90,0.00,bezahlt,686.90
b2bc1d48-e2c6-4b6d-b874-d83efc454d9d,1104.80,1104.80,0.00,bezahlt,1104.80
4238a1a3-f712-4866-a053-7bdbfbca6e5b,617.76,617.76,0.00,bezahlt,617.76
f6018c89-af17-4d9f-8582-d907eee540a1,617.76,617.76,0.00,bezahlt,617.76
0383a8bb-ac53-42be-88dd-b4fe559d6466,920.62,920.62,0.00,bezahlt,920.62
92b6960d-010c-4b34-86f8-c4bab1d9b4d0,920.62,920.62,0.00,bezahlt,920.62
2710bc8c-e96e-4359-993b-00de6fbe9e4b,192.20,192.20,0.00,bezahlt,192.20
48196920-eeb7-46ec-9d43-92697705ad5a,2089.37,2089.37,0.00,bezahlt,2089.37
96d219c4-07f7-42c9-8908-4772c2c53466,721.39,721.39,0.00,bezahlt,721.39
a9d88106-03b0-4146-9ca4-f1c551f300b7,130.64,130.64,0.00,bezahlt,130.64
9c2351e6-46ef-4df7-bb59-c9aaac6616bb,104.78,104.78,0.00,bezahlt,104.78
fa5d92c5-3a7a-4686-854f-e968c5f22eac,100.80,100.80,0.00,bezahlt,100.80
b635d4a9-f222-4eba-9e23-1bdb68162f5f,92.59,92.59,0.00,bezahlt,92.59
6e5fe1ec-866a-4c34-8a66-4e4582378b05,24.54,24.54,0.00,bezahlt,24.54
b842dbf2-7599-427c-b428-af3753a8c695,112.42,112.42,0.00,bezahlt,112.42
b86f9a6c-fad9-4c84-81fb-99462e3e966f,0.00,0,0.00,offen,111.80
c5c555fa-b9e9-4c4b-8fed-c88636fa8532,0.00,0,0.00,offen,765.82
4ad5ceb8-5ee4-491d-b4cb-7741a3705069,0.00,0,0.00,offen,617.47
5ac457c6-662b-40e4-a318-123b94070db6,0.00,0,0.00,offen,820.72
bc21f610-252a-44df-86bd-63ba3dd95162,24.66,24.66,0.00,bezahlt,24.66
832fcfd9-d5a6-4d1e-b2b6-3b1958eea715,24.66,24.66,0.00,bezahlt,24.66
4218f29c-39da-49ea-851d-66f1c05a294e,24.66,24.66,0.00,bezahlt,24.66
0e82666e-ade1-4410-85ec-53bef292a6ca,27.58,27.58,0.00,bezahlt,27.58
b59caa37-2444-4d5e-811c-b2efa62dc7c4,107.82,107.82,0.00,bezahlt,107.82
e34f33fd-9f76-4e1f-ace7-f658410bc45b,98.77,98.77,0.00,bezahlt,98.77
7c616136-0435-4d7c-a82b-8b8307217091,24.54,24.54,0.00,bezahlt,24.54
8e054311-36c3-4228-ba1a-659da4ed85ad,24.74,24.74,0.00,bezahlt,24.74
15b8eca9-4b1e-4aaf-a026-9d0005945a39,101.75,101.75,0.00,bezahlt,101.75
19cac60e-371e-4c5c-8f0c-af3ddf9bde15,93.06,93.06,0.00,bezahlt,93.06
6e208504-4769-4f3f-a6ca-1c7c74abf3a6,610.90,610.90,0.00,bezahlt,610.90
a25db382-8d7a-4840-9aa1-d11af7d16ac6,577.60,577.60,0.00,bezahlt,577.60
7fd3022a-77e8-4c21-a84b-307511d9186a,1640.77,1640.77,0.00,bezahlt,1640.77
0f3bcf9c-7150-4a47-9ccd-317d34a22325,2207.74,2207.74,0.00,bezahlt,2207.74
25127a6f-aaa7-4b17-8edf-3f28620fbdc2,605.91,605.91,0.00,bezahlt,605.91
d2f5c9c6-c20c-4357-9f38-48592c2b36f2,755.09,755.09,0.00,bezahlt,755.09
514a149f-89e8-440d-b393-0c693bd574ff,558.82,558.82,0.00,bezahlt,558.82
2b87816a-9376-4eb4-8549-b630c9dcc0f5,460.31,460.31,0.00,bezahlt,460.31
2de8bf44-0e2d-4be7-adca-ff4d326cc907,499.31,499.31,0.00,bezahlt,499.31
35c47733-ffad-4f7d-a335-9cdedd0fe972,670.70,670.70,0.00,bezahlt,670.70
d98a21e3-793a-4ed3-98be-3c944c459888,644.57,644.57,0.00,bezahlt,644.57
6bf26e49-58f4-4fed-a5ea-ac9e1f3bb739,617.33,617.33,0.00,bezahlt,617.33
11b10355-8c7d-44b6-807d-20e700ec4f6c,629.78,629.78,0.00,bezahlt,629.78
87db8313-586a-462d-9bf2-243408e614bf,726.52,726.52,0.00,bezahlt,726.52
5b912256-3274-43c1-b92b-4cf56114626e,509.20,509.20,0.00,bezahlt,509.20
f39c0128-cb96-416e-ab0b-84f7f8dc84fd,501.00,501.00,0.00,bezahlt,501.00
8e9d90d5-7863-446e-90cd-5a21ea09d49b,541.43,541.43,0.00,bezahlt,541.43
150be7ec-bc1a-4a33-967a-be6afbea4360,608.20,608.20,0.00,bezahlt,608.20
45f80de8-cb82-403e-a055-5b02c0222e65,546.29,546.29,0.00,bezahlt,546.29
bc9298af-02ba-43ae-a545-256d85811671,688.81,688.81,0.00,bezahlt,688.81
d2020795-2361-4535-9f29-8a4aee49b94b,1105.65,1105.65,0.00,bezahlt,1105.65
7ddff98f-2b78-45fc-ad5e-bf57910fb281,617.14,617.14,0.00,bezahlt,617.14
dacc3c14-cbff-4f4e-a8c6-db8c1f71c669,474.79,474.79,0.00,bezahlt,474.79
51f743c9-dd57-4c24-8e47-a7abdd538eb4,557.70,557.70,0.00,bezahlt,557.70
18470b22-ea3a-4250-95dd-c7ace0df0a8c,0.00,0,0.00,offen,523.76
67e5aacd-cb03-4c57-9a81-1fdd0b7b2692,0.00,0,0.00,bezahlt,0.00
25538a52-7578-4980-a013-dbf0100f6c44,0.00,0,0.00,offen,116.83
47ad0b7b-9e6f-4d3b-876a-64d2e2f99a2f,0.00,0,0.00,offen,20.55
8492c6b5-6dd3-499a-bba0-73490c255fc4,0.00,0,0.00,offen,20.55
2baa7ce9-001b-4f55-878e-ef8f95a3ca3b,0.00,0,0.00,offen,20.55
53fa5c29-5bc6-4f31-b7c1-93f8025423a9,0.00,0,0.00,offen,67.00
f6e29d9e-61ef-4854-a3a4-f5aa7ffdd6c5,0.00,0,0.00,offen,22.98
983a3f1f-0397-4728-bdb1-1412dfda805b,0.00,0,0.00,offen,93.17
1d393dea-cba4-4f98-be2a-9dc21bfd61f5,0.00,0,0.00,offen,89.85
58c6b9a2-68d0-4ec0-9937-59fb23ecd868,0.00,0,0.00,offen,82.31
dcac0e41-b6cf-4914-ba97-375d370c6db7,0.00,0,0.00,offen,20.45
97c97f6f-e8a2-4242-a66a-00ddf3270e37,0.00,0,0.00,offen,20.62
19671514-9883-4759-82e1-7bf629611f0a,0.00,0,0.00,offen,84.79
a32969c4-ecff-4d55-a828-0b8993a28027,0.00,0,0.00,offen,77.55
1deeac37-a283-45ad-85ff-0ed3697f9f93,0.00,0,0.00,offen,1080.70
28608bd8-da2d-4358-bde4-861502daf333,0.00,0,0.00,offen,1333.64
1e922630-e370-46af-a7cd-e9812069c0ce,0.00,0,0.00,offen,444.24
1ecf47b8-c945-4a27-bb74-2a3127c5662c,0.00,0,0.00,offen,302.32
505843ca-bb48-412c-9dd2-acd94d4558a2,0.00,0,0.00,offen,396.73
561ea14f-ab4d-40a5-b076-f4991ba3ba28,0.00,0,0.00,offen,461.11
3b9fcf2f-10ff-4f01-80a4-0b0199e05ee6,0.00,0,0.00,offen,466.48
2be9cd62-0a6a-4239-a9c7-d5394733cc3a,0.00,0,0.00,offen,353.93
fbf8ebf3-21e0-483b-984f-81b282b7c4b1,0.00,0,0.00,offen,305.90
a899b7bf-a5c1-4fae-a8bd-4f70d2c6e694,0.00,0,0.00,offen,325.00
cf269463-eb0d-481f-acbf-be0196b60853,0.00,0,0.00,offen,414.31
118355ae-a918-4a6d-96be-93657f83fc04,0.00,0,0.00,offen,410.31
2a38298a-5aa1-4796-9234-8300ec84de8e,0.00,0,0.00,offen,70.19
3e8a9421-350d-49d5-ba86-af3e167001fa,0.00,0,0.00,offen,580.86
9deac784-7411-4ffc-8814-3b0d4b88d06c,0.00,0,0.00,offen,306.50
cfc543e0-d858-4c46-aa2b-5a62382a2086,0.00,0,0.00,offen,266.05
6ed0ec23-2167-4a51-8fe8-e8f14cc64817,0.00,0,0.00,offen,281.28
7f1a193f-6815-4a2a-9fc0-5db078b3bb12,0.00,0,0.00,offen,373.50
8d3966df-411d-433c-8335-e0353e63ee6d,0.00,0,0.00,offen,389.51
dbe338a9-ceb7-46bb-bb76-a739fb933410,0.00,0,0.00,offen,681.02
1139b89c-5b14-4e34-bee1-833de595456f,0.00,0,0.00,offen,381.29
fac2d831-6f61-48d7-83e7-f12a6387beb6,0.00,0,0.00,offen,381.29
e60411bf-098a-433d-b071-56b66d323717,0.00,0,0.00,offen,552.34
98b0a2a6-2887-464e-87f6-bf88ef6a7b42,0.00,0,0.00,offen,552.34
412181e3-9d74-4052-bcb3-35046a79e7fb,0.00,0,0.00,offen,540.98
1a01d9a3-28f7-4e29-887d-09b51aed30f7,0.00,0,0.00,offen,254.60
9861c18a-acf4-42bb-93dd-b64bf813f909,0.00,0,0.00,offen,381.95
69fbd79e-4dbb-49ed-86f1-8b26506dc8c5,0.00,0,0.00,offen,95.59
02a39be8-0627-43b4-95e5-5b8118ee710b,0.00,0,0.00,offen,46.45
62b2a821-3dcf-4ecb-9b43-ffa406fc0931,0.00,0,0.00,offen,70.19
6ecd2a01-7a81-466c-98ba-0f34c14c6e79,0.00,0,0.00,offen,551.00
cc4af598-28cf-402b-919c-8b91ae726f81,0.00,0,0.00,offen,521.00
71388bb0-8b0a-456a-be46-0c228c1e827d,0.00,0,0.00,offen,61.86
2b5b9fb1-22a7-4dcd-a635-796ab88c60ac,0.00,0,0.00,offen,61.86
b97f0d42-fe5f-438f-8d72-66b52307d6bd,0.00,0,0.00,offen,62.91
49e290c4-168e-47d3-8369-50c3e8e3639d,0.00,0,0.00,offen,1367.31
dcf65e8d-534e-4f67-b351-d39fd70a6e20,0.00,0,0.00,offen,1839.78
8169e056-b479-4461-a488-584c5a834d41,0.00,0,0.00,offen,638.18
92925155-738f-45ac-9e77-cb702639085d,0.00,0,0.00,offen,556.17
ba8b353d-dbed-40cb-8543-e2c87bdc3149,0.00,0,0.00,offen,547.12
3a6b76e0-e987-4069-a9a9-1dd44e226fc7,0.00,0,0.00,offen,679.72
0dcf9f4f-da6d-4d8f-be8b-3b57c50a757a,0.00,0,0.00,offen,740.00
1870f667-a1dc-4eb3-9f82-045cda876b96,0.00,0,0.00,offen,503.74
8a27f90b-4f3a-4957-a9e5-0022d1f16f56,0.00,0,0.00,offen,416.30
f77fd349-0d6d-4dc3-9ea3-73d3f01cee08,0.00,0,0.00,offen,451.07
4b65b98b-73e9-4e82-8ddf-6c8c9c5bde65,0.00,0,0.00,offen,605.71
e2c1a142-e955-4890-a3ad-18d64af35157,0.00,0,0.00,offen,581.96
fdb0badf-4afe-4fbc-9a8b-7d25b5cc776a,0.00,0,0.00,offen,557.94
5713e989-5a1c-465f-a611-90cde948b198,0.00,0,0.00,offen,615.45
786a8436-5af3-4a4f-a117-565671d07cf3,0.00,0,0.00,offen,569.25
72089a58-de86-40ba-9e53-eff0677918d0,0.00,0,0.00,offen,655.93
9349face-3d85-4597-a633-285b91dd1179,0.00,0,0.00,offen,460.00
ca1963ea-090e-4a3b-8de9-9e67f786acf3,0.00,0,0.00,offen,452.28
ed9e7de0-9719-4103-83f0-1aba58be7fea,0.00,0,0.00,offen,486.90
6eb75e3e-a541-4a76-9d5b-2d9cc00f74ac,0.00,0,0.00,offen,548.76
d65c2689-4b68-4b90-9010-fc135136d489,0.00,0,0.00,offen,266.05
7fccd351-aee7-446c-8283-a09d135cfcd7,0.00,0,0.00,offen,493.48
e3fa5aa0-e86c-4173-a24d-264b700ea5d1,0.00,0,0.00,offen,618.55
762fac6b-f8f6-45d1-b942-43f221d12d78,0.00,0,0.00,offen,999.97
9f9d4c39-773c-471a-ae38-d693d37ccc69,0.00,0,0.00,offen,555.49
31c4d93e-df5b-4e87-8497-534d1f20147c,0.00,0,0.00,offen,429.29
2a3f7747-2ce8-4642-9e9b-e597f555963f,0.00,0,0.00,offen,503.24
67055448-87ce-4009-82e6-abce9b97a7b5,0.00,0,0.00,offen,472.83
ad276d2c-398c-4189-b295-a7ba6eebfc68,0.00,0,0.00,offen,507.43
86fa97c2-00dc-4045-85ef-64fb3f5e229c,0.00,0,0.00,offen,850.00
c24665dd-faec-4dfa-88e9-1aef9b0dd54e,0.00,0,0.00,offen,850.00
aaabc46e-44c3-4cc1-a8c3-223d6db86872,0.00,0,0.00,offen,850.00
eefb85ef-815e-4236-8022-627c42e54d88,0.00,0,0.00,offen,850.00
3598aa65-1cc1-42aa-8580-d474b6427ba1,0.00,0,0.00,offen,850.00
40bf0e58-afba-4e1c-b2ca-e41169e8c0b5,0.00,0,0.00,offen,116.83
02324c3a-fbb9-40c8-bc13-7bc76bfe3669,0.00,0,0.00,offen,20.55
ad3c84a4-977c-4bcc-9402-b78e18ea4559,0.00,0,0.00,offen,20.55
b8f9080f-f3da-4c02-9ca4-e90ae4e5c8d7,0.00,0,0.00,offen,20.55
ff1aa25f-8503-4e64-852d-61b5b30d20f4,0.00,0,0.00,offen,67.00
2c9ae290-d59b-47e3-a6b8-98bb69dc1c92,0.00,0,0.00,offen,22.98
c618baf7-8200-4f8e-adc7-69c5dbbd533b,0.00,0,0.00,offen,93.17
9dca1b2d-c00e-4ecb-a3bf-028a0de43cbe,0.00,0,0.00,offen,89.85
76f744e0-cef6-4b09-ba11-43aaf6f0e9de,0.00,0,0.00,offen,82.31
d954b219-be6f-481f-bbc2-30982a8efe4c,0.00,0,0.00,offen,20.45
597806e1-93ac-409d-8ced-4ed4e82279d1,0.00,0,0.00,offen,20.62
10df29e0-6f66-4dff-bb3a-f48874abddf2,0.00,0,0.00,offen,84.79
ac230286-32c6-46a4-bbb0-7d4b92e2a89d,0.00,0,0.00,offen,77.55
4c1deccc-35f4-4055-a638-cd8da46acb0e,0.00,0,0.00,offen,1080.70
e1df2334-91eb-4daa-8a51-13e9a1aa076a,0.00,0,0.00,offen,1333.64
aabca4e8-e565-49a5-828b-24dcc7b1e20e,0.00,0,0.00,offen,444.24
775972ff-7582-4e1d-bac0-6d8b704112b1,0.00,0,0.00,offen,302.32
ed458772-2da3-4ecd-8802-d79f7560c6ad,0.00,0,0.00,offen,396.73
37fa77e8-e17b-4355-bcff-7bfb18e47fbd,0.00,0,0.00,offen,461.11
28fb89d7-f634-4466-958e-5f0f5a63ef6c,0.00,0,0.00,offen,466.48
8958c2fb-dd14-4d7a-a742-73f9529ba0af,0.00,0,0.00,offen,353.93
796b676c-7ef8-44ff-b3ea-f78db1ff8aeb,0.00,0,0.00,offen,305.90
82b510bf-80d4-4100-a1c5-cf5eeaa499fc,0.00,0,0.00,offen,325.00
0f99212d-056d-40a1-8ee4-b85b3eff2486,0.00,0,0.00,offen,414.31
a5091c15-4637-445b-9822-ad5d1881aba1,0.00,0,0.00,offen,410.31
19c8f14b-b9cb-42d8-a486-5692922de1a0,0.00,0,0.00,offen,70.19
88f1bc9e-fe3a-4db5-86fc-30b04ae000c2,0.00,0,0.00,offen,580.86
d5e477ce-b6de-4158-b37c-19df63c92aa8,0.00,0,0.00,offen,306.50
af452db5-597c-4b9d-9fef-ff27879f90b3,0.00,0,0.00,offen,373.50
e82c55e6-5e18-4a72-ba38-cceebc2da68e,0.00,0,0.00,offen,389.51
398a20cd-f77c-4661-af59-d56dba3a1766,0.00,0,0.00,offen,681.02
942f458d-8a1f-464c-81dd-a1f44b141ae6,0.00,0,0.00,offen,381.29
f8535b05-df54-4dd5-b989-23acd585ef50,0.00,0,0.00,offen,381.29
56d7855c-bcb4-4805-be4e-64a6fb0bf6cd,0.00,0,0.00,offen,552.34
829e2ca4-1604-4f00-94ad-f642f443e9af,0.00,0,0.00,offen,552.34
ef6c2372-9761-4430-a297-6f8313290ce7,0.00,0,0.00,offen,540.98
96379ef1-617e-4bf4-852f-29ea2926eabf,0.00,0,0.00,offen,254.60
3009c951-369f-4d3c-a90c-4f2b10d64018,0.00,0,0.00,offen,381.95
389639d7-b716-4d3f-86c8-1b2b7370a7dc,0.00,0,0.00,offen,95.59
53d0508f-ba5e-426c-8a4c-c8f57473a191,0.00,0,0.00,offen,46.45
61d53e2f-3d87-4dbb-8ae3-d6aaffd4eaad,0.00,0,0.00,offen,70.19
5a5baeee-2fec-491d-ad28-58dac08a7174,0.00,0,0.00,offen,551.00
7e2cc004-9624-48dd-8551-58af3183bb08,0.00,0,0.00,offen,521.00
24fa5237-f3e5-48b5-8f58-642da1c080f8,0.00,0,0.00,offen,61.86
49fd2ae9-4fae-42c0-a140-485d8e17519c,0.00,0,0.00,offen,61.86
40d2e58d-8d36-41ff-b188-610c292ce2df,0.00,0,0.00,offen,62.91
d52ce596-0a2d-43f6-a5f9-7b3ccdf0bed8,0.00,0,0.00,offen,1367.31
e21f8032-5660-48f4-ae68-48fd045143a3,0.00,0,0.00,offen,1839.78
4811c59b-f96d-4475-98b2-97952a61b104,0.00,0,0.00,offen,638.18
88b3db18-2bc7-48ed-b415-6d86695fc09b,0.00,0,0.00,offen,556.17
1a3e5944-13d2-408c-bf02-546cce887875,0.00,0,0.00,offen,547.12
7ea9b450-3e43-4201-80c1-021d4e798b70,0.00,0,0.00,offen,679.72
10c80b73-3063-4ff6-a245-67411046c940,0.00,0,0.00,offen,740.00
f9291f73-cd4e-4747-aa6d-93ed0ccd77bb,0.00,0,0.00,offen,503.74
b43585e4-8fbb-4770-8f44-661dbdceb1c3,0.00,0,0.00,offen,416.30
9b083e05-e20e-403c-9557-b5e0c41d41e1,0.00,0,0.00,offen,451.07
84c859e9-38db-43eb-8071-b6c7eb566050,0.00,0,0.00,offen,605.71
62a75a3f-fbc9-467e-83ce-29ff313e842e,0.00,0,0.00,offen,581.96
a40ba687-f5c6-4877-a211-f42446b7d6c5,0.00,0,0.00,offen,557.94
4a6d47fd-2991-4b93-8b13-c9b81d2e1954,0.00,0,0.00,offen,615.45
146b7fca-e6ef-41cb-a30a-b78662bea678,0.00,0,0.00,offen,569.25
9dbd6667-6554-4799-b589-df0d08cca1f0,0.00,0,0.00,offen,655.93
77e46a5f-8ccb-4868-819c-b968c272b078,0.00,0,0.00,offen,460.00
71a85080-2dd2-4bea-8a7d-eca3e758771a,0.00,0,0.00,offen,452.28
0b3a1fd8-2120-46fe-873f-82f276adb774,0.00,0,0.00,offen,84.79
04612293-fb8c-427f-8ade-6a532643f7cf,0.00,0,0.00,offen,77.55
c59a84d8-05d8-4e96-ad37-2c86a17891c7,0.00,0,0.00,offen,1367.31
cd91586a-b056-4897-89e8-1ab6eb1c13aa,0.00,0,0.00,offen,1854.78
650ebc7e-6fc9-4fba-922d-76654780bb9f,0.00,0,0.00,offen,638.18
e96afccc-dd1e-4ba0-84af-bb61ed2f67f5,0.00,0,0.00,offen,547.12
523bdeaa-a9d8-45cc-9ec5-0426cab113b4,0.00,0,0.00,offen,679.72
c6e88650-0e7a-497a-befb-e25c8b70abd2,0.00,0,0.00,offen,740.00
01853b18-e5a4-45da-b26b-7ba99a1ba649,0.00,0,0.00,offen,503.74
87a999b4-a404-47d1-9420-4d151f33379c,0.00,0,0.00,offen,416.30
a9cba15e-7169-4332-8d07-60ed5909ff39,0.00,0,0.00,offen,451.07
a6fd870f-90d2-4eb1-90a5-6cfbc285d1d2,0.00,0,0.00,offen,605.71
3ca23254-a5b0-450f-8c83-d86d8ba6223e,0.00,0,0.00,offen,578.41
e0fb3bc0-6eb1-43ee-b709-d1b7e3ecc54a,0.00,0,0.00,offen,89.85
2f7901a8-dcfe-4cdc-a562-81891ccc42a8,0.00,0,0.00,offen,859.63
5806d8ad-f91d-4605-9e25-d1e43622e0ac,0.00,0,0.00,offen,438.59
7813df65-43f1-494f-908c-74e1a825265c,0.00,0,0.00,offen,388.27
4aea219d-6057-4c1e-826d-c4f0a3189374,0.00,0,0.00,offen,501.90
9b13f21c-f397-45f5-86b8-ccf7f6b49d14,0.00,0,0.00,offen,546.76
df25ecb6-4b0a-41dd-9d0f-6c7ec1913afe,0.00,0,0.00,offen,618.55
ed40aa95-d1e2-4876-bee2-243d4c736938,0.00,0,0.00,offen,999.97
57ebfab0-613f-4e90-a20a-7b598468a952,0.00,0,0.00,offen,557.49
256e5c1b-3089-4634-8159-6486b1e5538b,0.00,0,0.00,offen,557.49
878d198c-fc4e-405f-aa6c-bfa5a578353f,0.00,0,0.00,offen,832.71
6db73f93-31e4-4436-bcf3-54f98fdc8bae,0.00,0,0.00,offen,832.71
2acfffd1-7385-48f7-9f86-e567cbfc5df3,0.00,0,0.00,offen,744.22
bab61b5e-de85-4706-82a7-9b0371648aa5,0.00,0,0.00,offen,525.15
b2610fa4-50b1-4602-a891-2fef41f6e032,0.00,0,0.00,offen,593.42
ec5c0c97-f643-46cf-9613-6d6dd8abf8ea,0.00,0,0.00,offen,116.83
98824447-e6c6-4d75-8040-be6b8d08d1be,0.00,0,0.00,offen,67.00
79bce52a-0b9e-4fb3-9913-06c0bb5bd5c1,0.00,0,0.00,offen,93.17
f02c70d5-1842-4502-9073-73955058bf98,0.00,0,0.00,offen,551.00
b1331e1d-1d1e-4723-9966-251368294878,0.00,0,0.00,offen,521.00
a831e276-4067-41a0-9783-924abc4b31d7,0.00,0,0.00,offen,82.31
a87ad548-eff4-4de6-92b0-e2178f4421d5,0.00,0,0.00,offen,82.31
8c0c83ce-cc37-42f4-a7a5-67f546fed4e3,0.00,0,0.00,offen,20.45
d3266e9f-a584-47b7-af9c-37a5c7d218a7,0.00,0,0.00,offen,101.75
aff27a0e-d161-4f66-9519-7d5cfdf38656,0.00,0,0.00,offen,160.17
31ce6756-095c-4fbe-aac5-5dd361fcec6d,0.00,0,0.00,offen,1367.31
5732fea3-0cd4-4583-a3aa-f9dc4db656fe,0.00,0,0.00,offen,1839.78
d3aec320-7635-408f-9129-514bb0a7ef20,0.00,0,0.00,offen,638.18
4bf116c8-1e5c-4a52-b06b-509b29602c0b,0.00,0,0.00,offen,556.17
dbc2638a-a4a8-4194-835b-1cfe40af5f97,0.00,0,0.00,offen,547.12
2e2ec082-c174-4351-af25-1b602b776c20,0.00,0,0.00,offen,679.72
02e3e14c-a262-4ff0-a4d6-186b8632da1d,0.00,0,0.00,offen,740.00
659d8ef9-af0f-4b0c-9841-a01ae0c75556,0.00,0,0.00,offen,503.74
f89efb84-7b98-4b9d-9b38-312ffe81549b,0.00,0,0.00,offen,416.30
b9ea50b5-8ae2-4878-8c32-64a78acb6b42,0.00,0,0.00,offen,451.07
d0fba0fc-3e72-4741-b0af-91638c4db021,0.00,0,0.00,offen,605.71
59c17a40-c271-402f-8291-0484364a1d51,0.00,0,0.00,offen,581.96
9cf23d72-9ebe-4e84-a287-138b99c5f4e8,0.00,0,0.00,offen,557.94
85ee647e-e410-414f-9ca8-36382d013e55,0.00,0,0.00,offen,615.45
d6d026f7-056c-4607-837e-16af828a7a40,0.00,0,0.00,offen,569.25
f36f170a-c6b3-4d50-beff-219936c8c13e,0.00,0,0.00,offen,655.93
bc4c6138-8f6b-4fc2-b1e2-86e292b850d7,0.00,0,0.00,offen,460.00
57cf3e21-0993-4e35-b6c3-477670c803e3,0.00,0,0.00,offen,452.28
21184b8a-c833-44de-805e-fe5e48536c50,0.00,0,0.00,offen,486.90
22882b22-2e8b-418e-85ec-1b5e46da34da,0.00,0,0.00,offen,548.76
1ef8a8af-6d54-4c3c-84b4-ea6fa2c4675f,0.00,0,0.00,offen,493.48
d2f5070e-f6d1-4c0b-86d5-51bfa17a1679,0.00,0,0.00,offen,618.55
fd8ef2c6-bd88-4d62-8857-2cabcbec58df,0.00,0,0.00,offen,999.97
4f35c375-5ef6-4a88-9466-16a80d917d04,0.00,0,0.00,offen,555.49
302023fd-c81f-4323-81ee-15fabfa7cb44,0.00,0,0.00,offen,429.29
eae8c239-9cb5-4766-bee9-9796b5dd4448,0.00,0,0.00,offen,503.24
631366fc-c242-4894-83b6-8095e38a4635,0.00,0,0.00,offen,472.83
4825b0f1-bdfd-4ca9-b014-ec7ced835f69,0.00,0,0.00,offen,507.43
ff2b9871-3ade-47a3-9ca1-c3d4edc0b77d,0.00,0,0.00,offen,850.00
41806a6d-7f5a-4d5f-afc9-5e07e328af65,0.00,0,0.00,offen,850.00
5a437c72-df7d-4c67-a314-d942caa78a45,0.00,0,0.00,offen,850.00
69bc35d7-a247-4b6f-ba4b-442de9efc396,0.00,0,0.00,offen,850.00
63422465-11a1-47f2-93bc-79e415be5539,0.00,0,0.00,offen,850.00
15932da9-49aa-4123-9b50-304b3822f0a1,0.00,0,0.00,offen,116.83
268b322a-30ae-45c6-89f2-fbb6377fbbd3,0.00,0,0.00,offen,20.55
710a151e-6490-4de9-b197-ff881b61ddcd,0.00,0,0.00,offen,20.55
d141328a-fcf9-4536-bb4a-6206c0daae4b,0.00,0,0.00,offen,20.55
57ea219b-64c0-4705-9ec1-a0159deb51c0,0.00,0,0.00,offen,67.00
8af9fd08-1067-4e0c-95b8-c5527a1bbee0,0.00,0,0.00,offen,22.98
4f8ec5d7-ab3e-4888-9cfa-5a76454ab03a,0.00,0,0.00,offen,93.17
7836fd45-f3ce-43a7-a5a4-d6e248cbe552,0.00,0,0.00,offen,89.85
2edaf8dd-8a11-4386-ba7a-4c8bbcb313a6,0.00,0,0.00,offen,82.31
1acb2c14-83f8-4e20-ba2c-ce05b9070e17,0.00,0,0.00,offen,20.45
dab1a94f-03f3-4be0-8668-b51eb693b0af,0.00,0,0.00,offen,20.62
a079e4d4-45d3-46a3-89ad-4c0854246255,0.00,0,0.00,offen,84.79
0e669ef1-024a-4382-ba34-5dbad0b61b5d,0.00,0,0.00,offen,77.55
c9ad1a63-55d6-41d2-8677-54ea3ceafcec,0.00,0,0.00,offen,1367.31
8e54c261-190b-4a1f-9ca1-49fd14472da3,0.00,0,0.00,offen,1854.78
18fba092-3f1d-4ded-aed6-926eb3411547,0.00,0,0.00,offen,638.18
1000f0fd-9433-4b5b-9fca-f62de963d282,0.00,0,0.00,offen,556.17
718c632a-d0f6-42e8-990c-e083d4d14cb4,0.00,0,0.00,offen,547.12
c8adf163-4dc0-4261-b89f-7ee61b9e111b,0.00,0,0.00,offen,679.72
fd318713-d26d-4611-ae4b-87d1a5ee93cc,0.00,0,0.00,offen,740.00
e605e13d-3b2d-4c08-8568-004acef85909,0.00,0,0.00,offen,503.74
432209e8-0e54-4af5-bb34-291f4e888ada,0.00,0,0.00,offen,416.30
ac980446-d248-4b44-9ddb-fe2c2c3ee608,0.00,0,0.00,offen,451.07
ceeb5035-e6ac-4119-9c53-9c6188dea6e8,0.00,0,0.00,offen,605.71
08a6702c-9371-47bc-9373-e80e32fd6988,0.00,0,0.00,offen,578.41
f32ddee5-75fc-428d-a665-2d292b4d9791,0.00,0,0.00,offen,89.85
cacb1100-ee9e-45e6-ba7a-88a2ed7932e8,0.00,0,0.00,offen,859.63
6f3c3700-ec46-4dba-a555-51434777f8f1,0.00,0,0.00,offen,438.59
8b97e42a-5631-4e41-aef8-3a5e35f142a1,0.00,0,0.00,offen,388.27
8153a365-c922-41f4-8c75-30aec816f322,0.00,0,0.00,offen,501.90
94f52af4-c978-467d-abdf-31da95d32c32,0.00,0,0.00,offen,546.76
c50f035b-1ad6-413b-8f17-da611a243411,0.00,0,0.00,offen,618.55
bca19c8f-bde0-4d23-adae-d2dccf7ca78c,0.00,0,0.00,offen,999.97
01940f6b-a631-4327-b716-91da0999727b,0.00,0,0.00,offen,557.49
4e8a2a5e-41af-4880-9214-7311ee2e84b9,0.00,0,0.00,offen,557.49
f9e61df9-862d-4630-9869-f58a05ccd31e,0.00,0,0.00,offen,832.71
0a874594-001b-4e19-b1e3-aeb778a4f08e,0.00,0,0.00,offen,832.71
8b35eca8-4f1e-4ae9-a719-b8fad0123788,0.00,0,0.00,offen,744.22
206d5cff-ebba-4dfe-abef-ff50da69c61a,0.00,0,0.00,offen,525.15
7ebea908-eefa-40ff-966f-c9db0b9da92c,0.00,0,0.00,offen,593.42
10c98429-da0b-4566-9152-f6c477b6f60b,0.00,0,0.00,offen,116.83
7cd198af-2232-4649-93d5-9f04d140d4f9,0.00,0,0.00,offen,67.00
4f781301-2920-45f0-870b-7f67c4eeda43,0.00,0,0.00,offen,93.17
c8a64117-6fc4-4603-aff2-ec0295e8aa7a,0.00,0,0.00,offen,82.31
0248a5cc-6d81-4d5c-8646-fe0f44f15d36,0.00,0,0.00,offen,82.31
d55254e3-9e66-4b20-8e8b-e53f6abe49a8,0.00,0,0.00,offen,20.45
100a90c8-c4e6-4b3e-947f-fda92351d933,0.00,0,0.00,offen,101.75
a51b54ea-2b5c-4b5f-b0f8-51f3d464e2dd,0.00,0,0.00,offen,160.17
f1c01365-f2c9-498a-a1f2-f1b740274ebc,0.00,0,0.00,offen,1367.31
3aa6d4e4-b326-459d-b4e1-ac324639190a,0.00,0,0.00,offen,1839.78
b67a4ce8-4d69-452b-bc97-3c933fd1db71,0.00,0,0.00,offen,638.18
50b7994a-e082-4fe8-8311-fa057b4b41dd,0.00,0,0.00,offen,556.17
c894aadb-2504-43cc-b4e2-6eb955890bd9,0.00,0,0.00,offen,547.12
983290d5-506d-4117-b81e-e45795572d18,0.00,0,0.00,offen,679.72
5ae4d7a8-a437-4cef-89c6-232d858e2e35,0.00,0,0.00,offen,740.00
ae0ce7d2-f001-4766-aaf6-3a16abf57606,0.00,0,0.00,offen,503.74
fe512d7f-11c2-47f6-bdc8-15144c0025f4,0.00,0,0.00,offen,416.30
db0d49a2-ec54-41dc-a29a-37b0bf125f0c,0.00,0,0.00,offen,451.07
7e15f14d-91b3-42a9-b0cd-3bff61f50968,0.00,0,0.00,offen,605.71
43b33f2a-15bf-4736-b270-3b00a3ccc71e,0.00,0,0.00,offen,581.96
9c797a85-2357-45d1-a8cf-59285f3c0837,0.00,0,0.00,offen,557.94
b386a676-7351-42c7-a447-2760d5083172,0.00,0,0.00,offen,615.45
ae7429a6-0c6f-4bcc-9ad8-d3577057d27d,0.00,0,0.00,offen,569.25
9c192f23-5b59-4fc1-bd60-df2c2bbbc278,0.00,0,0.00,offen,655.93
e90a0737-a114-4c83-8fd9-b4082a7a1c55,0.00,0,0.00,offen,460.00
07ebcfa3-3cc3-45ba-a8b3-fec0b0a41200,0.00,0,0.00,offen,452.28
f4d1b2ab-8f6f-4fdb-a9da-f8840146db5b,0.00,0,0.00,offen,486.90
f839162d-a5ee-43e0-9669-9b3546a73b21,0.00,0,0.00,offen,548.76
15255ce3-cdb3-4441-8c5f-1c8fa4c7e649,0.00,0,0.00,offen,493.48
f8bc24ef-41d6-4164-a5f6-c0d0efe3f799,0.00,0,0.00,offen,618.55
21046aa8-abf9-4c57-b56b-ab1af97f4de2,0.00,0,0.00,offen,999.97
b68af8d7-2e23-4812-abcc-d7f0432b9a19,0.00,0,0.00,offen,555.49
8c56b99e-82e5-4f39-8726-af1c9ec71ed6,0.00,0,0.00,offen,429.29
fda36819-1236-4827-939d-bf48044756f2,0.00,0,0.00,offen,503.24
67495134-5c53-41a2-a0b1-8968a13eec14,0.00,0,0.00,offen,472.83
a93dc413-a496-47af-bbd8-299dac9cd7a6,0.00,0,0.00,offen,507.43
92918fc6-3d7c-48b1-a71a-bdd69fc2804d,0.00,0,0.00,offen,1529.06
6c06e26c-63bb-404b-83ba-0bc863536211,0.00,0,0.00,offen,557.70
87ef137a-6db1-4e98-92c6-9333a5693907,0.00,0,0.00,offen,1047.93
32fb62f4-721a-465e-9897-41b6fe5903d4,0.00,0,0.00,offen,764.60
6598d052-52a7-4e7e-bec1-3b77ef307379,0.00,0,0.00,offen,608.20
2a403d18-5599-4a64-8f02-7d17108279ee,0.00,0,0.00,offen,1105.65
8cb7c064-237c-470c-ba9c-2b07386159d8,0.00,0,0.00,offen,407.38
3f85e9a0-c48c-4328-9d16-0f2f61b272f9,0.00,0,0.00,offen,1218.31
567f92a3-daa7-4b23-9118-1769da275a84,0.00,0,0.00,offen,499.31
8c637bd4-a741-47d3-a28c-2e438bf8431e,0.00,0,0.00,offen,523.76
accc3abe-9985-493b-9079-01835b856fa7,0.00,0,0.00,offen,670.70
59197ead-6128-4a70-bce5-d0200a369ebc,0.00,0,0.00,offen,956.27
bfe31172-7fb0-487b-9226-064cf64749a4,0.00,0,0.00,offen,578.54
dd08d506-a3d7-43cc-a1f3-7f91911fa54e,0.00,0,0.00,offen,474.79
15019b7d-0583-4441-8390-25d4fc8f6568,0.00,0,0.00,offen,327.72
b7152f48-19d6-48aa-b941-97de2927ad55,0.00,0,0.00,offen,726.52
8757a0a8-f818-401b-894d-4bb21edea083,0.00,0,0.00,offen,1209.92
1ceb5507-afe7-48f1-9cb1-a768bc82ee20,0.00,0,0.00,offen,1387.23
d6a42c34-94fd-4153-b799-57d9ee266015,0.00,0,0.00,offen,1090.83
d45cc5ce-1afc-4c97-81fb-df39ee6d5a8f,0.00,0,0.00,offen,617.33
ff226451-f23e-4df3-ab62-7e410fa9439b,0.00,0,0.00,offen,546.29
e5036359-0659-41ce-9e04-35202d8177e8,0.00,0,0.00,offen,1016.05
d125a5fb-f55a-4795-8aac-2328921a88ae,0.00,0,0.00,offen,987.78
55401dd5-7aec-4b50-84fe-7336945c56b7,0.00,0,0.00,offen,1141.14
6bc9e3c9-9ec0-44b4-b5df-529a611b12f8,0.00,0,0.00,offen,300.82
6e4cd472-02d4-4d10-946f-05536176609f,0.00,0,0.00,offen,509.20
24927db3-9711-4d08-b520-82401e04326f,0.00,0,0.00,offen,1234.30
c3a0bbda-de4e-42eb-b248-ffb33ce2faef,0.00,0,0.00,offen,644.57
f7d7e8dd-7487-4d91-a8f9-c46fa7bd8561,0.00,0,0.00,offen,989.10
6f5c66e6-1a3b-4cf7-b527-be21893888bf,0.00,0,0.00,offen,1202.91
538f86a6-e38e-40c5-9e0a-495ab01142b9,0.00,0,0.00,offen,1355.82
3a577af5-a2e7-4b08-816c-c66737d24e79,0.00,0,0.00,offen,688.81
78b2ca72-1e95-4a9d-b255-bfe65405593b,0.00,0,0.00,offen,777.72
e7474e81-8d48-4e4f-8a71-1846f1fc34c4,0.00,0,0.00,offen,683.04
c32e428a-6434-4ccf-bf94-040d417b069f,0.00,0,0.00,offen,1624.68
2de9921c-fd18-4100-a485-4b3754d75ce9,0.00,0,0.00,offen,403.46
5ea8b922-1e85-4323-be03-9ab931203245,0.00,0,0.00,offen,1435.86
0430ebfb-51e2-4ebc-830a-3cf8121972eb,0.00,0,0.00,offen,629.78
b2365da9-a065-4aa4-91eb-b4c62470f518,0.00,0,0.00,offen,1776.34
4175422e-f385-47d5-8cfc-ffc9f7ee9dbc,0.00,0,0.00,offen,1281.63
62c84185-e2a9-403f-80fd-3b9839724499,943.00,943.00,0.00,bezahlt,943.00
13029e19-c2b9-49a7-85c2-b33600f15aaa,943.00,943.00,0.00,bezahlt,943.00
09810a85-e037-43f7-80d8-3c2f6432d102,943.00,943.00,0.00,bezahlt,943.00
26426ca3-a783-474e-83dc-f986d1098f9e,943.00,943.00,0.00,bezahlt,943.00
079cc5ab-9e70-42af-9ab7-d1f47d2078cc,943.00,943.00,0.00,bezahlt,943.00
27d0492d-cdec-41b0-b9b9-398dc9da77c3,943.00,943.00,0.00,bezahlt,943.00
870ee290-6e53-4a3a-bf89-320454e121f6,943.00,943.00,0.00,bezahlt,943.00
79e8a7ec-f6cf-4563-b476-d28fb6ca2e66,943.00,943.00,0.00,bezahlt,943.00
28e51849-ecc1-4075-a972-13aafbab6fa7,943.00,943.00,0.00,bezahlt,943.00
4cd9146a-451d-425d-ae70-af644df0ef42,943.00,943.00,0.00,bezahlt,943.00
84a44a11-b4a8-49bd-a8c9-1065db6d1724,943.00,943.00,0.00,bezahlt,943.00
858df43b-ccd3-4b61-a8cb-5b927af77871,943.00,943.00,0.00,bezahlt,943.00
f8a02fbe-567b-48f4-8b69-d910a9d8a965,943.00,943.00,0.00,bezahlt,943.00
c92474ae-69c4-4487-97a7-7adbfe6d1e77,943.00,943.00,0.00,bezahlt,943.00
7b6480ac-f9c1-429f-9851-aaf85f7e0246,943.00,943.00,0.00,bezahlt,943.00
bf90d284-0fc9-4c0a-8724-67a660d2d3bf,943.00,943.00,0.00,bezahlt,943.00
f50f6938-0cfe-4315-9fa7-3b1ae3fd74e6,943.00,943.00,0.00,bezahlt,943.00
6d29ab79-74ea-4138-aa01-d429c665a91b,943.00,943.00,0.00,bezahlt,943.00
f91f5614-7450-4396-878c-c9987e27faa9,943.00,943.00,0.00,bezahlt,943.00
797bcd7b-0034-4c17-a85a-bb207f16ce4c,943.00,943.00,0.00,bezahlt,943.00
036491a3-d9d2-4ae9-995e-666020cadc6c,943.00,943.00,0.00,bezahlt,943.00
892805d2-52a3-4188-87c4-2015cd068c4b,943.00,943.00,0.00,bezahlt,943.00
379f6e07-21af-47c5-a76f-da42e4fc09a2,943.00,943.00,0.00,bezahlt,943.00
23c62ea8-c442-4b6e-9cd2-87ce61fa6411,850.00,850.00,0.00,bezahlt,850.00
1e2be123-1189-4fbb-98f8-9882b1c3525b,943.00,943.00,0.00,bezahlt,943.00
61c511cb-f9c9-43d8-b7fe-4fea67acf534,943.00,943.00,0.00,bezahlt,943.00
234b75e2-748c-4c66-9fe8-f70e0c0820f2,943.00,943.00,0.00,bezahlt,943.00
2c62bc0e-51a1-4dfb-8f44-ca2aa1e79e92,943.00,943.00,0.00,bezahlt,943.00
8cf70a26-d622-4679-804d-82d70f00a9bd,943.00,943.00,0.00,bezahlt,943.00
9761b2d4-329c-4edc-95a1-869adcfb3133,943.00,943.00,0.00,bezahlt,943.00
6f02b9de-b1b2-4784-a3e7-cbd636d9d0da,93.00,93.00,0.00,teilbezahlt,943.00
b2b0de68-d92b-4013-b14b-a44278e0eef3,943.00,943.00,0.00,bezahlt,943.00
12e6c5bb-3d0c-4e38-82f1-13d9902b9d83,943.00,943.00,0.00,bezahlt,943.00
e1430458-9ab4-452f-be25-45fc27f6c661,943.00,943.00,0.00,bezahlt,943.00
a1b58650-51c2-4c09-8748-5b396258ccd5,943.00,943.00,0.00,bezahlt,943.00
b01d1b7c-6761-4d7d-9416-6c0316e2bafc,943.00,943.00,0.00,bezahlt,943.00
82f3cd89-171a-4d92-8337-0b01c6040f75,943.00,943.00,0.00,bezahlt,943.00
730f3d85-5fa5-4074-83f7-3cc96c58fd3f,943.00,943.00,0.00,bezahlt,943.00
8d05f5d1-69f1-4a52-8e0d-36787bedb9b4,943.00,943.00,0.00,bezahlt,943.00
1d7de173-34bf-4436-8e8a-87aa521868a5,583.00,583.00,0.00,teilbezahlt,943.00
ebee17b6-17b1-40c4-9afb-1a7784eb1149,943.00,943.00,0.00,bezahlt,943.00
cc582f1f-2c42-4d39-a57a-1ec388cf13c1,943.00,943.00,0.00,bezahlt,943.00
4037dd31-c9e8-4f5c-8d0a-1cb46acbeb41,943.00,943.00,0.00,bezahlt,943.00
3aab85cd-26df-4ade-8475-4cb4e6b0734e,943.00,943.00,0.00,bezahlt,943.00
a2492fb1-6740-4fbe-9648-4e1c3157765c,943.00,943.00,0.00,bezahlt,943.00
41ea3f1b-ce5c-46a7-93da-1e4cb8546fbb,943.00,943.00,0.00,bezahlt,943.00
89815839-58fc-4297-ae29-6cef9851f45b,943.00,943.00,0.00,bezahlt,943.00
513f6f86-8387-40fe-acde-1e1e0f8207bb,943.00,943.00,0.00,bezahlt,943.00
c7c4034c-e805-46f9-89e6-478113ffb2fc,943.00,943.00,0.00,bezahlt,943.00
e9a4138f-2a94-42d0-ac03-619af16c0474,943.00,943.00,0.00,bezahlt,943.00
32422f76-1c66-4113-aec4-d79b8dd1a395,943.00,943.00,0.00,bezahlt,943.00
6c073122-765f-48a2-b843-bbab6f3fc062,943.00,943.00,0.00,bezahlt,943.00
